Workbook

Sheet 主要表格
B2: 主題 | D2: Blue | K2: 圖片網址 | N2: https://i.imgur.com/cWx9bjv.png | Z2: 標誌顏色 | AC2: Blue | AI2: TRUE | AJ2: 顯示 HP 條 | AN2: TRUE | AO2: 顯示 MP 條 | AS2: TRUE | AT2: 顯示 IP 條 | AX2: TRUE | AY2: 顯示 危機提醒 | CB2: When you're done with settings, you can hide this row - right click on the "2" to the far left, then select "Hide Row"!
C4: =IMAGE($N$2,2) | K4: 姓名 | M4: --- | X4: 性別 | AG4: 命刻 | AI4: 命刻名稱 | BI4: =IF(AC2="BLUE",IMAGE("https://i.imgur.com/xkhfy0X.png"), IF(AC2="GOLD",IMAGE("https://i.imgur.com/QuxLO6P.png"), IF(AC2="GRAY",IMAGE("https://i.imgur.com/IEqoBhA.png"), IF(AC2="OLIVE",IMAGE("https://i.imgur.com/UE16yt4.png"), IF(AC2="GREEN",IMAGE("https://i.imgur.com/LjvZ9Qn.png"), IF(AC2="PINK",IMAGE("https://i.imgur.com/lFXL3AE.png"), IF(AC2="PURPLE",IMAGE("https://i.imgur.com/s0hSaGK.png"), IF(AC2="BROWN",IMAGE("https://i.imgur.com/Ji8LgEb.png"), IF(AC2="WHITE",IMAGE("https://i.imgur.com/UZCbg73.png"), IF(AC2="TEAL",IMAGE("https://i.imgur.com/UmmnxUG.png"), IF(AC2="BLACK",IMAGE("https://i.imgur.com/J1vataM.png"), IF(AC2="RED",IMAGE("https://i.imgur.com/VESnnF9.png")," "))))))))))))
AM5: 0 | AN5: 4 | AP5: 個 人 簡 歷 | AQ5: 在此寫下有關角色的外貌描述或其他任何詳細資訊。 | CH5: =IF($AX$2, IF($M$10<=FLOOR($P$10/2,1), "!! 危機 !!", " ")," ")
K6: LVL | M6: =SUM(K36,AV36,K44,AV44,K52,AV52,K60) -> 0 | O6: 身份
CE7: =COUNTIF($CG$7:$CG$13, "*HP +5*") -> 0 | CF7: =C42 -> -英雄技能- | CG7: =N36
K8: 主題 | R8: 起源 | CE8: =COUNTIF($CG$7:$CG$13, "*MP +5*") -> 0 | CF8: =AN42 -> -英雄技能- | CG8: =AY36
CE9: =COUNTIF($CG$7:$CG$13, "*IP +2*") -> 0 | CF9: =C50 -> -英雄技能- | CG9: =N44 | CI9: =COUNTIF($CG$7:$CG$13, "*近戰*") -> 0
K10: HP | M10: 40 | P10: =M6+IF(CE14>0,H12*5,IF(CE15>0,H14*5, H16*5))+(CE7*5)+(IF(M6>=40,CE11*20,CE11*10))+(CE117*5)+IF(S22,AA24,0)+IF(S25,AA27,0)+IF(S28,AA30,0)+IF(S31,AA33,0) -> 40 | R10: MP | T10: 40 | W10: =M6+(5*H18)+(CE8*5)+(IF(M6>=40,CE12*20,CE12*10))+(CF117*5)+IF(S22,AC24,0)+IF(S25,AC27,0)+IF(S28,AC30,0)+IF(S31,AC33,0) -> 40 | Y10: IP | AA10: 6 | AD10: =6+(CE9*2)+(CE13*4)+IF(S22,AE24,0)+IF(S25,AE27,0)+IF(S28,AE30,0)+IF(S31,AE33,0) -> 6 | CF10: =AN50 -> -英雄技能- | CG10: =AY44 | CI10: =COUNTIF($CG$7:$CG$13, "*遠程*") -> 0
CE11: =COUNTIF(CF7:CF13,"*額外HP*") -> 0 | CF11: =C58 -> -英雄技能- | CG11: =N52 | CI11: =COUNTIF($CG$7:$CG$13, "*防具*") -> 0
C12: 屬 性 | D12: 靈巧(DEX) | H12: 8 | I12: =MIN(MAX(6, (H12 + IF($M$13, -2, 0) + IF(K12,2,0) + IF(K13,2,0) + IF($M$17, -2, 0))),12) -> 8 | K12: FALSE | X12: EXP | AA12: 物語點 | AC12: 澤尼特 | AG12: 命刻 | AI12: 命刻名稱 | CE12: =COUNTIF(CF7:CF11,"*額外MP*") -> 0 | CF12: =AN58 -> -英雄技能- | CG12: =AY52 | CI12: 職業盾牌
K13: FALSE | L13: 狀 態 | M13: FALSE | N13: 缓慢 | X13: =sum('團務紀錄'!O:O)-M6*10 -> 50 | AA13: =sum('團務紀錄'!AG:AG) -> 3 | AC13: =sum('團務紀錄'!AY:AY) -> 500 | AM13: 0 | AN13: 6 | CE13: =COUNTIF(CF7:CF13,"*額外IP*") -> 0 | CF13: =C66 -> -英雄技能- | CG13: =N60
D14: 洞察(INS) | H14: 8 | I14: =MIN(MAX(6, (H14 + IF($M$14, -2, 0) + IF(K14,2,0) + IF(K15,2,0) + IF($M$17, -2, 0))),12) -> 8 | K14: FALSE | M14: FALSE | N14: 眩暈 | CE14: =COUNTIF(CF7:CF13,"*敏捷守護之型*") -> 0 | CI14: =CONCATENATE(IF(SUM(CI9:CI12) > 0, "", " "), IF(CI9>0, "近戰 | ", ""), IF(CI10>0, "遠程 | ", ""), IF(CI11>0, "防具 | ", ""), IF(CI12>0, "盾牌 | ", "")) -> 盾牌 |
K15: FALSE | M15: FALSE | N15: 虛弱 | P15: 物理防禦 | U15: =IF(S20,I12,0)+IF(OR(AND(S25,AC25="職業"),AND(S28,AC28="盾牌"), AND(S31,AC31="盾牌")), 0, CG117)+IF(S22,AC23,0)+IF(S25,AC26,0)+IF(S28,AC29,0)+IF(S31,AC32,0) -> 8 | X15: 其他效果 | CE15: =COUNTIF(CF7:CF13,"*預知守護之型*") -> 0 | CF15: =C37 | CG15: =H37
D16: 力量(MIG) | H16: 8 | I16: =MIN(MAX(6, (H16 + IF($M$15, -2, 0) + IF(K16,2,0) + IF(K17,2,0) + IF($M$18, -2, 0))),12) -> 8 | K16: FALSE | M16: FALSE | N16: 動搖 | X16: - | CE16: =COUNTIF(CF7:CF13,"*子彈時間*") -> 0 | CF16: =C38 | CG16: =H38
K17: FALSE | M17: FALSE | N17: 憤怒 | P17: 魔法防禦 | U17: =IF(W20,I14,0)+IF(OR(AND(S25,AC25="職業"),AND(S28,AC28="盾牌"), AND(S31,AC31="盾牌")), 0, IF(CE14>0,CG117,0)) +IF(S22,AE23,0)+IF(S25,AE26,0)+IF(S28,AE29,0)+IF(S31,AE32,0) -> 8 | X17: - | CF17: =C39 | CG17: =H39
D18: 意志(WLP) | H18: 8 | I18: =MIN(MAX(6, (H18 + IF($M$16, -2, 0) + IF(K18,2,0) + IF(K19,2,0) + IF($M$18, -2, 0))),12) -> 8 | K18: FALSE | M18: FALSE | N18: 中毒 | X18: - | CF18: =C40 | CG18: =H40
K19: FALSE | X19: - | CF19: =C41 | CG19: =H41
H20: 依據當前 | K20: + | R20: 包括 靈巧？ | S20: TRUE | V20: 包括 洞察？ | W20: TRUE | X20: - | AG20: 命刻 | AI20: 命刻名稱 | CF20: =AN37 | CG20: =AS37
AM21: 0 | AN21: 8 | CF21: =AN38 | CG21: =AS38
C22: 羈 絆 | D22: 1 | R22: 裝 備 | S22: FALSE | T22: 飾品 | V22: 物品名稱 | CF22: =AN39 | CG22: =AS39
S23: 物品描述。 勾選後即可裝備。 | Z23: 0z | AB23: DEF | AD23: MDF | CF23: =AN40 | CG23: =AS40
D24: 2 | Z24: HP | AB24: MP | AD24: IP | CF24: =AN41 | CG24: =AS41
S25: FALSE | T25: 防具 | AC25: 普通 | CF25: =C45 | CG25: =H45
D26: 3 | AB26: DEF | AD26: MDF | CF26: =C46 | CG26: =H46
Z27: HP | AB27: MP | AD27: IP | CF27: =C47 | CG27: =H47
D28: 4 | S28: FALSE | T28: 主手 | AG28: 命刻 | AI28: 命刻名稱 | CF28: =C48 | CG28: =H48
AB29: DEF | AD29: MDF | AM29: 0 | AN29: 10 | CF29: =C49 | CG29: =H49
D30: 5 | Z30: HP | AB30: MP | AD30: IP | CF30: =AN45 | CG30: =AS45
S31: FALSE | T31: 副手 | CF31: =AN46 | CG31: =AS46
D32: 6 | AB32: DEF | AD32: MDF | CF32: =AN47 | CG32: =AS47
Z33: HP | AB33: MP | AD33: IP | CF33: =AN48 | CG33: =AS48
S34: =IF(SUM(CI9:CI12)>0, "✦","") | T34: =LEFT(CI14, LEN(CI14)-2) -> 盾牌 | CF34: =AN49 | CG34: =AS49
CF35: =C53 | CG35: =H53
C36: =IF(K36>=10, "★ 職業", " 職業") -> 職業 | E36: - | J36: LVL | K36: =SUM(H37:H41) -> 0 | L36: 增益 | N36: {=_xlfn.xlookup(E36,'職業技能合集'!$B:$B,'職業技能合集'!$C:$C,"-",0,1)} | AN36: =IF(AV36>=10, "★ 職業", " 職業") -> 職業 | AP36: - | AU36: LVL | AV36: =SUM(AS37:AS41) -> 0 | AW36: 增益 | AY36: {=_xlfn.xlookup(AP36,'職業技能合集'!$B:$B,'職業技能合集'!$C:$C,"-",0,1)} | CF36: =C54 | CG36: =H54
C37: =IFERROR(__xludf.DUMMYFUNCTION("ARRAYFORMULA(filter('職業技能合集'!$D:$D,'職業技能合集'!$B:$B=E36))"),"") | I37: =IFERROR(__xludf.DUMMYFUNCTION("ARRAYFORMULA(filter('職業技能合集'!$G:$G,'職業技能合集'!$B:$B=E36))"),"") | J37: 自寫招式 | N37: =IFERROR(__xludf.DUMMYFUNCTION("ARRAYFORMULA(filter('職業技能合集'!$H:$H,'職業技能合集'!$B:$B=E36))"),"") | AN37: =IFERROR(__xludf.DUMMYFUNCTION("ARRAYFORMULA(filter('職業技能合集'!$D:$D,'職業技能合集'!$B:$B=AP36))"),"") | AT37: =IFERROR(__xludf.DUMMYFUNCTION("ARRAYFORMULA(filter('職業技能合集'!$G:$G,'職業技能合集'!$B:$B=AP36))"),"") | AU37: 自寫招式 | AY37: =IFERROR(__xludf.DUMMYFUNCTION("ARRAYFORMULA(filter('職業技能合集'!$H:$H,'職業技能合集'!$B:$B=AP36))"),"") | CF37: =C55 | CG37: =H55
CF38: =C56 | CG38: =H56
CF39: =C57 | CG39: =H57
CF40: =AN53 | CG40: =AS53
CF41: =AN54 | CG41: =AS54
C42: -英雄技能- | J42: {=_xlfn.XLOOKUP(C42,'英雄技能'!A:A,'英雄技能'!C:C,0,0,1)} | AN42: -英雄技能- | AU42: {=_xlfn.XLOOKUP(AN42,'英雄技能'!A:A,'英雄技能'!C:C,0,0,1)} | CF42: =AN55 | CG42: =AS55
CF43: =AN56 | CG43: =AS56
C44: =IF(K44>=10, "★ 職業", " 職業") -> 職業 | E44: - | J44: LVL | K44: =SUM(H45:H49) -> 0 | L44: 增益 | N44: {=_xlfn.xlookup(E44,'職業技能合集'!$B:$B,'職業技能合集'!$C:$C,"-",0,1)} | AN44: =IF(AV44>=10, "★ 職業", " 職業") -> 職業 | AP44: - | AU44: LVL | AV44: =SUM(AS45:AS49) -> 0 | AW44: 增益 | AY44: {=_xlfn.xlookup(AP44,'職業技能合集'!$B:$B,'職業技能合集'!$C:$C,"-",0,1)} | CF44: =AN57 | CG44: =AS57
C45: =IFERROR(__xludf.DUMMYFUNCTION("ARRAYFORMULA(filter('職業技能合集'!$D:$D,'職業技能合集'!$B:$B=E44))"),"") | I45: =IFERROR(__xludf.DUMMYFUNCTION("ARRAYFORMULA(filter('職業技能合集'!$G:$G,'職業技能合集'!$B:$B=E44))"),"") | J45: 自寫招式 | N45: =IFERROR(__xludf.DUMMYFUNCTION("ARRAYFORMULA(filter('職業技能合集'!$H:$H,'職業技能合集'!$B:$B=E44))"),"") | AN45: =IFERROR(__xludf.DUMMYFUNCTION("ARRAYFORMULA(filter('職業技能合集'!$D:$D,'職業技能合集'!$B:$B=AP44))"),"") | AT45: =IFERROR(__xludf.DUMMYFUNCTION("ARRAYFORMULA(filter('職業技能合集'!$G:$G,'職業技能合集'!$B:$B=AP44))"),"") | AU45: 自寫招式 | AY45: =IFERROR(__xludf.DUMMYFUNCTION("ARRAYFORMULA(filter('職業技能合集'!$H:$H,'職業技能合集'!$B:$B=AP44))"),"") | CF45: =C61 | CG45: =H61
CF46: =C62 | CG46: =H62
CF47: =C63 | CG47: =H63
CF48: =C64 | CG48: =H64
CF49: =C65 | CG49: =H65
C50: -英雄技能- | J50: {=_xlfn.XLOOKUP(C50,'英雄技能'!A:A,'英雄技能'!C:C,0,0,1)} | AN50: -英雄技能- | AU50: {=_xlfn.XLOOKUP(AN50,'英雄技能'!A:A,'英雄技能'!C:C,0,0,1)}
C52: =IF(K52>=10, "★ 職業", " 職業") -> 職業 | E52: - | J52: LVL | K52: =SUM(H53:H57) -> 0 | L52: 增益 | N52: {=_xlfn.xlookup(E52,'職業技能合集'!$B:$B,'職業技能合集'!$C:$C,"-",0,1)} | AN52: =IF(AV52>=10, "★ 職業", " 職業") -> 職業 | AP52: - | AU52: LVL | AV52: =SUM(AS53:AS57) -> 0 | AW52: 增益 | AY52: {=_xlfn.xlookup(AP52,'職業技能合集'!$B:$B,'職業技能合集'!$C:$C,"-",0,1)}
C53: =IFERROR(__xludf.DUMMYFUNCTION("ARRAYFORMULA(filter('職業技能合集'!$D:$D,'職業技能合集'!$B:$B=E52))"),"") | I53: =IFERROR(__xludf.DUMMYFUNCTION("ARRAYFORMULA(filter('職業技能合集'!$G:$G,'職業技能合集'!$B:$B=E52))"),"") | J53: 自寫招式 | N53: =IFERROR(__xludf.DUMMYFUNCTION("ARRAYFORMULA(filter('職業技能合集'!$H:$H,'職業技能合集'!$B:$B=E52))"),"") | AN53: =IFERROR(__xludf.DUMMYFUNCTION("ARRAYFORMULA(filter('職業技能合集'!$D:$D,'職業技能合集'!$B:$B=AP52))"),"") | AT53: =IFERROR(__xludf.DUMMYFUNCTION("ARRAYFORMULA(filter('職業技能合集'!$G:$G,'職業技能合集'!$B:$B=AP52))"),"") | AU53: 自寫招式 | AY53: =IFERROR(__xludf.DUMMYFUNCTION("ARRAYFORMULA(filter('職業技能合集'!$H:$H,'職業技能合集'!$B:$B=AP52))"),"")
C58: -英雄技能- | J58: {=_xlfn.XLOOKUP(C58,'英雄技能'!A:A,'英雄技能'!C:C,0,0,1)} | AN58: -英雄技能- | AU58: {=_xlfn.XLOOKUP(AN58,'英雄技能'!A:A,'英雄技能'!C:C,0,0,1)}
C60: =IF(K60>=10, "★ 職業", " 職業") -> 職業 | E60: - | J60: LVL | K60: =SUM(H61:H65) -> 0 | L60: 增益 | N60: {=_xlfn.xlookup(E60,'職業技能合集'!$B:$B,'職業技能合集'!$C:$C,"-",0,1)}
C61: =IFERROR(__xludf.DUMMYFUNCTION("ARRAYFORMULA(filter('職業技能合集'!$D:$D,'職業技能合集'!$B:$B=E60))"),"") | I61: =IFERROR(__xludf.DUMMYFUNCTION("ARRAYFORMULA(filter('職業技能合集'!$G:$G,'職業技能合集'!$B:$B=E60))"),"") | J61: 自寫招式 | N61: =IFERROR(__xludf.DUMMYFUNCTION("ARRAYFORMULA(filter('職業技能合集'!$H:$H,'職業技能合集'!$B:$B=E60))"),"")
C66: -英雄技能- | J66: {=_xlfn.XLOOKUP(C66,'英雄技能'!A:A,'英雄技能'!C:C,0,0,1)}
P68: 左欄 - 一般特徵 | AV68: 中欄 - 職業特徵 | BU68: 右欄 - 快速參考
P69: 此表格可自訂 - 請參閱「附加表」表格！ | AV69: 此表格可自訂 - 請參閱「附加表」表格！ | BU69: 此表格可自訂 - 請參閱「附加表」表格！
P70: 當你準備好所有想要的東西後，只需用普通的背景色填滿剩餘的空間即可。 | AV70: 當你準備好所有想要的東西後，只需用普通的背景色填滿剩餘的空間即可。 | BU70: 當你準備好所有想要的東西後，只需用普通的背景色填滿剩餘的空間即可。
CE82: =IF($CF15="不動要塞",$CG15,"") | CF82: =IF($CF15="集中",$CG15,"") | CG82: =IF($CF15="閃避",$CG15,"") | CH82: =IF($CF15="盜取時間",$CG15,"") | CI82: =IF($CF15="個人載具",$CG15,"") | CJ82: =IF($CF15="忠實夥伴",$CG15,"")
CE83: =IF($CF16="不動要塞",$CG16,"") | CF83: =IF($CF16="集中",$CG16,"") | CG83: =IF($CF16="閃避",$CG16,"") | CH83: =IF($CF16="盜取時間",$CG16,"") | CI83: =IF($CF16="個人載具",$CG16,"") | CJ83: =IF($CF16="忠實夥伴",$CG16,"")
CE84: =IF($CF17="不動要塞",$CG17,"") | CF84: =IF($CF17="集中",$CG17,"") | CG84: =IF($CF17="閃避",$CG17,"") | CH84: =IF($CF17="盜取時間",$CG17,"") | CI84: =IF($CF17="個人載具",$CG17,"") | CJ84: =IF($CF17="忠實夥伴",$CG17,"")
CE85: =IF($CF18="不動要塞",$CG18,"") | CF85: =IF($CF18="集中",$CG18,"") | CG85: =IF($CF18="閃避",$CG18,"") | CH85: =IF($CF18="盜取時間",$CG18,"") | CI85: =IF($CF18="個人載具",$CG18,"") | CJ85: =IF($CF18="忠實夥伴",$CG18,"")
CE86: =IF($CF19="不動要塞",$CG19,"") | CF86: =IF($CF19="集中",$CG19,"") | CG86: =IF($CF19="閃避",$CG19,"") | CH86: =IF($CF19="盜取時間",$CG19,"") | CI86: =IF($CF19="個人載具",$CG19,"") | CJ86: =IF($CF19="忠實夥伴",$CG19,"")
CE87: =IF($CF20="不動要塞",$CG20,"") | CF87: =IF($CF20="集中",$CG20,"") | CG87: =IF($CF20="閃避",$CG20,"") | CH87: =IF($CF20="盜取時間",$CG20,"") | CI87: =IF($CF20="個人載具",$CG20,"") | CJ87: =IF($CF20="忠實夥伴",$CG20,"")
CE88: =IF($CF21="不動要塞",$CG21,"") | CF88: =IF($CF21="集中",$CG21,"") | CG88: =IF($CF21="閃避",$CG21,"") | CH88: =IF($CF21="盜取時間",$CG21,"") | CI88: =IF($CF21="個人載具",$CG21,"") | CJ88: =IF($CF21="忠實夥伴",$CG21,"")
CE89: =IF($CF22="不動要塞",$CG22,"") | CF89: =IF($CF22="集中",$CG22,"") | CG89: =IF($CF22="閃避",$CG22,"") | CH89: =IF($CF22="盜取時間",$CG22,"") | CI89: =IF($CF22="個人載具",$CG22,"") | CJ89: =IF($CF22="忠實夥伴",$CG22,"")
CE90: =IF($CF23="不動要塞",$CG23,"") | CF90: =IF($CF23="集中",$CG23,"") | CG90: =IF($CF23="閃避",$CG23,"") | CH90: =IF($CF23="盜取時間",$CG23,"") | CI90: =IF($CF23="個人載具",$CG23,"") | CJ90: =IF($CF23="忠實夥伴",$CG23,"")
CE91: =IF($CF24="不動要塞",$CG24,"") | CF91: =IF($CF24="集中",$CG24,"") | CG91: =IF($CF24="閃避",$CG24,"") | CH91: =IF($CF24="盜取時間",$CG24,"") | CI91: =IF($CF24="個人載具",$CG24,"") | CJ91: =IF($CF24="忠實夥伴",$CG24,"")
CE92: =IF($CF25="不動要塞",$CG25,"") | CF92: =IF($CF25="集中",$CG25,"") | CG92: =IF($CF25="閃避",$CG25,"") | CH92: =IF($CF25="盜取時間",$CG25,"") | CI92: =IF($CF25="個人載具",$CG25,"") | CJ92: =IF($CF25="忠實夥伴",$CG25,"")
CE93: =IF($CF26="不動要塞",$CG26,"") | CF93: =IF($CF26="集中",$CG26,"") | CG93: =IF($CF26="閃避",$CG26,"") | CH93: =IF($CF26="盜取時間",$CG26,"") | CI93: =IF($CF26="個人載具",$CG26,"") | CJ93: =IF($CF26="忠實夥伴",$CG26,"")
... CE116: =IF($CF49="不動要塞",$CG49,"") | CF116: =IF($CF49="集中",$CG49,"") | CG116: =IF($CF49="閃避",$CG49,"") | CH116: =IF($CF49="盜取時間",$CG49,"") | CI116: =IF($CF49="個人載具",$CG49,"") | CJ116: =IF($CF49="忠實夥伴",$CG49,"")
CE117: =SUM(CE82:CE116) -> 0 | CF117: =SUM(CF82:CF116) -> 0 | CG117: =SUM(CG82:CG116) -> 0 | CH117: =SUM(CH82:CH116) -> 0 | CI117: =SUM(CI82:CI116) -> 0 | CJ117: =SUM(CJ82:CJ116) -> 0
CF120: =AN5-AM5 -> 4 | CG120: =AM5 -> 0
CF121: =AN13-AM13 -> 6 | CG121: =AM13 -> 0 | CK121: =IF(AND($AI$2,$AN$2,$AS$2), TRUE, FALSE) -> TRUE | CM121: =IF(OR($AN$2,$AS$2),TRUE, FALSE) -> TRUE
CF122: =AN21-AM21 -> 8 | CG122: =AM21 -> 0 | CK122: =IF(OR($AI$2,$AN$2,$AS$2), TRUE, FALSE) -> TRUE | CM122: =IF(AI2,1,0)+IF(AN2,1,0)+IF(AS2,1,0) -> 3
CF123: =AN29-AM29 -> 10 | CG123: =AM29 -> 0
CE124: 0 | CF124: 0 | CG124: 0 | CH124: 0 | CI124: 0 | CJ124: 0 | CK124: 0 | CL124: 0 | CM124: 0 | CN124: 0 | CO124: 0 | CP124: 0
CE125: 0 | CF125: 0 | CG125: 0 | CH125: 0 | CI125: 0 | CJ125: 0 | CK125: 0 | CL125: 0 | CM125: 0 | CN125: 0 | CO125: 0 | CP125: 0
CE126: 0 | CF126: 0 | CG126: 0 | CH126: 0 | CI126: 0 | CJ126: 0 | CK126: 0 | CL126: 0 | CM126: 0 | CN126: 0 | CO126: 0 | CP126: 0
CE127: 0 | CF127: 0 | CG127: 0 | CH127: 0 | CI127: 0 | CJ127: 0 | CK127: 0 | CL127: 0 | CM127: 0 | CN127: 0 | CO127: 0 | CP127: 0
CE128: 0 | CF128: 0 | CG128: 0 | CH128: 0 | CI128: 0 | CJ128: 0 | CK128: 0 | CL128: 0 | CM128: 0 | CN128: 0 | CO128: 0 | CP128: 0
CE129: =IF(CG129+CF129>0, MAX(P10-M10, 0), IF(CH129>0, MAX(W10-T10, 0), IF(CI129>0, MAX(AD10-AA10, 0),IF(CK122,100,0)))) -> 0 | CF129: =IF($M$10<=FLOOR($P$10/2,1),IF(CM121, 0, IF(AI2, $M$10, 0)),0) -> 0 | CG129: =IF($M$10<=FLOOR($P$10/2,1),0,IF(CM121, 0, IF(AI2, $M$10, 0))) -> 0 | CH129: =IF(AS2, 0, IF(AN2,$T$10,0)) -> 0 | CI129: =IF(AS2, $AA$10, 0) -> 6 | CJ129: =IF(CM129>0,MAX(W10-T10,0),IF(CL129+CK129>0,MAX(P10-M10,0), IF(CM122>1,100,0))) -> 0 | CK129: =IF($M$10<=FLOOR($P$10/2,1), IF(AND(CM121, CK121 = FALSE, AI2), M10, 0), 0) -> 0 | CL129: =IF($M$10<=FLOOR($P$10/2,1), 0, IF(AND(CM121, CK121 = FALSE, AI2), M10, 0)) -> 0 | CM129: =IF(OR(CK121,AND(AN2,AS2)),T10,0) -> 40 | CN129: =IF(CK121, MAX(P10-M10,0), 0) -> 0 | CO129: =IF($M$10<=FLOOR($P$10/2,1),IF(CK121, M10, 0),0) -> 0 | CP129: =IF($M$10<=FLOOR($P$10/2,1),0,IF(CK121, M10, 0)) -> 40

Sheet 重要公告（看完可隱藏）
A1: 致所有喜愛FU的玩家們：
A3: 這個空白的自動角色卡是以BeyondHorizon 2.14版作爲藍本，由DaCapo提供擴展不全書、由我ScarletVice完成漢化及自動化、由GARY0414完成繁中化。
A4: 沒了你們我什麽都不是，這張角色卡也不會誕生，再次獻上真誠的感謝。
A6: 呃，不過難以啓齒的是......其實這張角色卡還遠遠算不上完成。
A8: 這就要追溯到我當時獲取資料的管道開始説起了。
A9: 《Fabula Ultima最终物语》全扩展不全书V1.0(1)
A10: 這是來自中國社群的翻譯内容，目前的3個擴展（高度、科技、自然）都收錄其中。
A11: 然而最後一次更新于2023/02/22（不排除有更新的版本），并且大部分翻譯都是出自游戲初期的測試版内容。在三大擴展都已正式發售的現今，部分職業的技能都已經獲得修改，以保持更良好的畫風和平衡。
A12: 而這些正式版的技能的描述，理應都被正式啓用，一同寫進這張卡才對......
A13: ......但是當時的我好懶啊。
A14: 不全書的内容已經整理完畢，也全部寫進這張卡了。當時群内FU的人不多，想再把正式版本的内容修改進去，寫完還未必有人會用得上（？）
A15: 眼見FU要火，越來越多玩家開始選擇擴展的新職業，那我也是時候再次著手補掉剩下的坑了。
... A18: 最後在這裏列出目前的更新進度：
A19: 擴展 | B19: 職業 | C19: 職業技能 | D19: DLC技能 | E19: 英雄技能 | F19: 金手指
A20: 高度奇幻 | B20: 徽記師 | C20: 完成 | D20: 完成 | E20: 完成 | F20: 只更新了“新人類”
B21: 魔奏者 | C21: 完成 | D21: - | E21: 完成
B22: 舞者 | C22: 完成 | D22: 完成 | E22: 完成
B23: 指揮官 | C23: 完成 | D23: - | E23: 完成
A24: 科技奇幻 | B24: 機師 | C24: 完成 | D24: - | E24: 完成
B25: 靈能者 | C25: 完成 | D25: 完成 | E25: 完成
B26: 突變體 | C26: 完成 | D26: 完成 | E26: 完成
A27: 自然奇幻 | B27: 美食家 | C27: 完成 | D27: - | E27: 完成
B28: 祈喚者 | C28: 完成 | D28: - | E28: 完成
B29: 商人 | C29: 完成 | D29: - | E29: 完成
B30: 植物學家 | C30: 完成 | D30: 完成 | E30: 完成
A32: ScarletVice 啓

Sheet Main Sheet (No Reworks)
B2: THEME | D2: Blue | K2: IMAGE URL | N2: https://i.imgur.com/cWx9bjv.png | Z2: LOGO COLOR | AC2: Blue | AI2: TRUE | AJ2: show HP bar | AN2: TRUE | AO2: show MP bar | AS2: TRUE | AT2: show IP bar | AX2: TRUE | AY2: show crisis text | CB2: When you're done with settings, you can hide this row - right click on the "2" to the far left, then select "Hide Row"!
BI3: =IF(AC2="BLUE",IMAGE("https://i.imgur.com/xkhfy0X.png"), IF(AC2="GOLD",IMAGE("https://i.imgur.com/QuxLO6P.png"), IF(AC2="WHITE",IMAGE("https://i.imgur.com/IEqoBhA.png"), IF(AC2="GREEN",IMAGE("https://i.imgur.com/LjvZ9Qn.png"), IF(AC2="RED",IMAGE("https://i.imgur.com/VESnnF9.png")," ")))))
C4: =IMAGE($N$2,2) | K4: NAME | M4: --- | X4: PRONOUNS | AG4: CLOCK | AI4: CLOCK NAME | AP4: =IF(AX4>=10, "★ CLASS", " CLASS") -> CLASS | AR4: Example | AW4: LVL | AX4: =SUM(AU5:AU9) -> 5 | AY4: PASSIVE | BA4: HP +5
AM5: 0 | AN5: 4 | AP5: Skill Name | AU5: 5 | AV5: Brief skill description. | CH5: =IF($AX$2, IF($M$10<=FLOOR($P$10/2,1), "!! CRISIS !!", " ")," ")
K6: LVL | M6: =SUM(AX4,AX12,AX20,AX28,BR14,BR22,BR29) -> 5 | O6: IDENTITY
CE7: =COUNTIF($CG$7:$CG$13, "*HP +5*") -> 1 | CF7: =AP10 -> Heroic Skill | CG7: =BA4 -> HP +5
K8: THEME | R8: ORIGIN | CE8: =COUNTIF($CG$7:$CG$13, "*MP +5*") -> 0 | CF8: =AP18 | CG8: =BA12
CE9: =COUNTIF($CG$7:$CG$13, "*IP +2*") -> 0 | CF9: =AP26 | CG9: =BA20 | CI9: =COUNTIF($CG$7:$CG$13, "*melee*") -> 0
K10: HP | M10: 50 | P10: =M6+IF(CE14>0,H12*5,IF(CE15>0,H14*5, H16*5))+(CE7*5)+(IF(M6>=40,CE11*20,CE11*10))+(CE86*3)+IF(S22,AA23,0)+IF(S25,AA26,0)+IF(S28,AA29,0)+IF(S31,AA32,0) -> 50 | R10: MP | T10: 45 | W10: =M6+(5*H18)+(CE8*5)+(IF(M6>=40,CE12*20,CE12*10))+(CF86*3)+IF(S22,AC23,0)+IF(S25,AC26,0)+IF(S28,AC29,0)+IF(S31,AC32,0) -> 45 | Y10: IP | AA10: 6 | AD10: =6+(CE9*2)+(CE13*4)+IF(S22,AE23,0)+IF(S25,AE26,0)+IF(S28,AE29,0)+IF(S31,AE32,0) -> 6 | AP10: Heroic Skill | CF10: =AP34 | CG10: =BA28 | CI10: =COUNTIF($CG$7:$CG$13, "*ranged*") -> 0
CE11: =COUNTIF(CF7:CF11,"*Extra HP*") -> 0 | CF11: =BJ20 | CG11: =BU14 | CI11: =COUNTIF($CG$7:$CG$13, "*armor*") -> 0
C12: ATTRIBUTES | D12: DEXTERITY | H12: 8 | I12: =MIN(MAX(6, (H12 + IF($M$13, -2, 0) + IF(K12,2,0) + IF(K13,2,0) + IF($M$17, -2, 0))),12) -> 8 | K12: FALSE | X12: EXP | AA12: FABULA | AC12: ZENIT | AG12: CLOCK | AI12: CLOCK NAME | AP12: =IF(AX12>=10, "★ CLASS", " CLASS") -> CLASS | AW12: LVL | AX12: =SUM(AU13:AU17) -> 0 | AY12: PASSIVE | CE12: =COUNTIF(CF7:CF11,"*Extra MP*") -> 0 | CG12: =BU22 | CI12: =COUNTIF($CG$7:$CG$13, "*shield*") -> 0
K13: FALSE | L13: STATUS | M13: FALSE | N13: SLOW | P13: INITIATIVE | U13: =0+IF(S22,AA24,0)+IF(S25,AA27,0)+IF(S28,AA30,0)+IF(S31,AA33,0)+(IF(CE16>0, CG86 + CH86, 0)) -> 0 | AM13: 0 | AN13: 6 | CE13: =COUNTIF(CF7:CF11,"*Extra IP*") -> 0 | CG13: =BU29
D14: INSIGHT | H14: 8 | I14: =MIN(MAX(6, (H14 + IF($M$14, -2, 0) + IF(K14,2,0) + IF(K15,2,0) + IF($M$17, -2, 0))),12) -> 8 | K14: FALSE | M14: FALSE | N14: DAZED | BJ14: =IF(BR14>=10, "★ CLASS", " CLASS") -> CLASS | BQ14: LVL | BR14: =SUM(BO15:BO19) -> 0 | BS14: PASSIVE | CE14: =COUNTIF(CF7:CF11,"*Agile Defender*") -> 0 | CI14: =CONCATENATE(IF(SUM(CI9:CI12) > 0, "", " "), IF(CI9>0, "MELEE | ", ""), IF(CI10>0, "RANGED | ", ""), IF(CI11>0, "ARMOR | ", ""), IF(CI12>0, "SHIELD | ", ""))
K15: FALSE | M15: FALSE | N15: WEAK | P15: DEFENSE | U15: =IF(S20,I12,0)+IF(OR(AND(S25,AC25="Martial"),AND(S28,AC28="Shield"), AND(S31,AC31="Shield")), 0, CG86)+IF(S22,AC24,0)+IF(S25,AC27,0)+IF(S28,AC30,0)+IF(S31,AC33,0) -> 8 | X15: OTHER EFFECTS | CE15: =COUNTIF(CF7:CF11,"*Prophetic Defender*") -> 0 | CF15: =AP5 -> Skill Name | CG15: =AU5 -> 5
D16: MIGHT | H16: 8 | I16: =MIN(MAX(6, (H16 + IF($M$15, -2, 0) + IF(K16,2,0) + IF(K17,2,0) + IF($M$18, -2, 0))),12) -> 8 | K16: FALSE | M16: FALSE | N16: SHAKEN | X16: - | CE16: =COUNTIF(CF7:CF11,"*Bullet Time*") -> 0 | CF16: =AP6 | CG16: =AU6
K17: FALSE | M17: FALSE | N17: ENRAGE | P17: MAGIC DEFENSE | U17: =IF(W20,I14,0)+IF(OR(AND(S25,AC25="Martial"),AND(S28,AC28="Shield"), AND(S31,AC31="Shield")), 0, IF(CE14>0,CG86,0)) +IF(S22,AE24,0)+IF(S25,AE27,0)+IF(S28,AE30,0)+IF(S31,AE33,0) -> 8 | X17: - | CF17: =AP7 | CG17: =AU7
D18: WILLPOWER | H18: 8 | I18: =MIN(MAX(6, (H18 + IF($M$16, -2, 0) + IF(K18,2,0) + IF(K19,2,0) + IF($M$18, -2, 0))),12) -> 8 | K18: FALSE | M18: FALSE | N18: POISON | X18: - | CF18: =AP8 | CG18: =AU8
K19: FALSE | X19: - | CF19: =AP9 | CG19: =AU9
H20: BASE | I20: CURRENT | K20: + | R20: include DEX? | S20: TRUE | V20: include INS? | W20: TRUE | X20: - | AG20: CLOCK | AI20: CLOCK NAME | AP20: =IF(AX20>=10, "★ CLASS", " CLASS") -> CLASS | AW20: LVL | AX20: =SUM(AU21:AU25) -> 0 | AY20: PASSIVE | CF20: =AP13 | CG20: =AU13
AM21: 0 | AN21: 8 | CF21: =AP14 | CG21: =AU14
C22: BONDS | D22: 1 | R22: EQUIPMENT | S22: FALSE | T22: ACCESSORY | V22: Item Name | BJ22: =IF(BR22>=10, "★ CLASS", " CLASS") -> CLASS | BQ22: LVL | BR22: =SUM(BO23:BO27) -> 0 | BS22: PASSIVE | CF22: =AP15 | CG22: =AU15
S23: Item description. Use the checkbox to equip. | Z23: HP | AB23: MP | AD23: IP | CF23: =AP16 | CG23: =AU16
D24: 2 | Z24: INI | AB24: DEF | AD24: MDF | CF24: =AP17 | CG24: =AU17
S25: FALSE | T25: ARMOR | CF25: =AP21 | CG25: =AU21
D26: 3 | Z26: HP | AB26: MP | AD26: IP | CF26: =AP22 | CG26: =AU22
Z27: INI | AB27: DEF | AD27: MDF | CF27: =AP23 | CG27: =AU23
D28: 4 | S28: FALSE | T28: MAIN HAND | AG28: CLOCK | AI28: CLOCK NAME | AP28: =IF(AX28>=10, "★ CLASS", " CLASS") -> CLASS | AW28: LVL | AX28: =SUM(AU29:AU33) -> 0 | AY28: PASSIVE | CF28: =AP24 | CG28: =AU24
Z29: HP | AB29: MP | AD29: IP | AM29: 0 | AN29: 10 | BJ29: =IF(BR29>=10, "★ CLASS", " CLASS") -> CLASS | BQ29: LVL | BR29: =SUM(BO30:BO34) -> 0 | BS29: PASSIVE | CF29: =AP25 | CG29: =AU25
D30: 5 | Z30: INI | AB30: DEF | AD30: MDF | CF30: =AP29 | CG30: =AU29
S31: FALSE | T31: OFF-HAND | CF31: =AP30 | CG31: =AU30
D32: 6 | Z32: HP | AB32: MP | AD32: IP | CF32: =AP31 | CG32: =AU31
Z33: INI | AB33: DEF | AD33: MDF | CF33: =AP32 | CG33: =AU32
S34: =IF(SUM(CI9:CI12)>0, "✦","") | T34: =LEFT(CI14, LEN(CI14)-2) | CF34: =AP33 | CG34: =AU33
CF35: =BJ15 | CG35: =BO15
P36: LEFT COLUMN - GENERAL FEATURES | CF36: =BJ16 | CG36: =BO16
P37: This sheet is customizable - see the Additional Tables sheet! | AV37: MIDDLE COLUMN - CLASS FEATURES | BU37: RIGHT COLUMN - QUICK REFERENCE | CF37: =BJ17 | CG37: =BO17
P38: Once you have everything you want, just fill in the extra space with the normal background color. | AV38: This sheet is customizable - see the Additional Tables sheet! | BU38: This sheet is customizable - see the Additional Tables sheet! | CF38: =BJ18 | CG38: =BO18
AV39: Once you have everything you want, just fill in the extra space with the normal background color. | BU39: Once you have everything, fill in the extra space with the background color. | CF39: =BJ19 | CG39: =BO19
CF40: =BJ23 | CG40: =BO23
CF41: =BJ24 | CG41: =BO24
CF42: =BJ25 | CG42: =BO25
CF43: =BJ26 | CG43: =BO26
CF44: =BJ27 | CG44: =BO27
CF45: =BJ30 | CG45: =BO30
CF46: =BJ31 | CG46: =BO31
CF47: =BJ32 | CG47: =BO32
CF48: =BJ33 | CG48: =BO33
CF49: =BJ34 | CG49: =BO34
CE51: =IF($CF15="Fortress",$CG15,"") | CF51: =IF($CF15="FOCUSED",$CG15,"") | CG51: =IF($CF15="Dodge",$CG15,"") | CH51: =IF($CF15="Stolen Time",$CG15,"") | CI51: =IF($CF15="Personal Vehicle",$CG15,"") | CJ51: =IF($CF15="Faithful Companion",$CG15,"")
CE52: =IF($CF16="Fortress",$CG16,"") | CF52: =IF($CF16="FOCUSED",$CG16,"") | CG52: =IF($CF16="Dodge",$CG16,"") | CH52: =IF($CF16="Stolen Time",$CG16,"") | CI52: =IF($CF16="Personal Vehicle",$CG16,"") | CJ52: =IF($CF16="Faithful Companion",$CG16,"")
CE53: =IF($CF17="Fortress",$CG17,"") | CF53: =IF($CF17="FOCUSED",$CG17,"") | CG53: =IF($CF17="Dodge",$CG17,"") | CH53: =IF($CF17="Stolen Time",$CG17,"") | CI53: =IF($CF17="Personal Vehicle",$CG17,"") | CJ53: =IF($CF17="Faithful Companion",$CG17,"")
CE54: =IF($CF18="Fortress",$CG18,"") | CF54: =IF($CF18="FOCUSED",$CG18,"") | CG54: =IF($CF18="Dodge",$CG18,"") | CH54: =IF($CF18="Stolen Time",$CG18,"") | CI54: =IF($CF18="Personal Vehicle",$CG18,"") | CJ54: =IF($CF18="Faithful Companion",$CG18,"")
CE55: =IF($CF19="Fortress",$CG19,"") | CF55: =IF($CF19="FOCUSED",$CG19,"") | CG55: =IF($CF19="Dodge",$CG19,"") | CH55: =IF($CF19="Stolen Time",$CG19,"") | CI55: =IF($CF19="Personal Vehicle",$CG19,"") | CJ55: =IF($CF19="Faithful Companion",$CG19,"")
CE56: =IF($CF20="Fortress",$CG20,"") | CF56: =IF($CF20="FOCUSED",$CG20,"") | CG56: =IF($CF20="Dodge",$CG20,"") | CH56: =IF($CF20="Stolen Time",$CG20,"") | CI56: =IF($CF20="Personal Vehicle",$CG20,"") | CJ56: =IF($CF20="Faithful Companion",$CG20,"")
CE57: =IF($CF21="Fortress",$CG21,"") | CF57: =IF($CF21="FOCUSED",$CG21,"") | CG57: =IF($CF21="Dodge",$CG21,"") | CH57: =IF($CF21="Stolen Time",$CG21,"") | CI57: =IF($CF21="Personal Vehicle",$CG21,"") | CJ57: =IF($CF21="Faithful Companion",$CG21,"")
CE58: =IF($CF22="Fortress",$CG22,"") | CF58: =IF($CF22="FOCUSED",$CG22,"") | CG58: =IF($CF22="Dodge",$CG22,"") | CH58: =IF($CF22="Stolen Time",$CG22,"") | CI58: =IF($CF22="Personal Vehicle",$CG22,"") | CJ58: =IF($CF22="Faithful Companion",$CG22,"")
CE59: =IF($CF23="Fortress",$CG23,"") | CF59: =IF($CF23="FOCUSED",$CG23,"") | CG59: =IF($CF23="Dodge",$CG23,"") | CH59: =IF($CF23="Stolen Time",$CG23,"") | CI59: =IF($CF23="Personal Vehicle",$CG23,"") | CJ59: =IF($CF23="Faithful Companion",$CG23,"")
CE60: =IF($CF24="Fortress",$CG24,"") | CF60: =IF($CF24="FOCUSED",$CG24,"") | CG60: =IF($CF24="Dodge",$CG24,"") | CH60: =IF($CF24="Stolen Time",$CG24,"") | CI60: =IF($CF24="Personal Vehicle",$CG24,"") | CJ60: =IF($CF24="Faithful Companion",$CG24,"")
CE61: =IF($CF25="Fortress",$CG25,"") | CF61: =IF($CF25="FOCUSED",$CG25,"") | CG61: =IF($CF25="Dodge",$CG25,"") | CH61: =IF($CF25="Stolen Time",$CG25,"") | CI61: =IF($CF25="Personal Vehicle",$CG25,"") | CJ61: =IF($CF25="Faithful Companion",$CG25,"")
CE62: =IF($CF26="Fortress",$CG26,"") | CF62: =IF($CF26="FOCUSED",$CG26,"") | CG62: =IF($CF26="Dodge",$CG26,"") | CH62: =IF($CF26="Stolen Time",$CG26,"") | CI62: =IF($CF26="Personal Vehicle",$CG26,"") | CJ62: =IF($CF26="Faithful Companion",$CG26,"")
... CE85: =IF($CF49="Fortress",$CG49,"") | CF85: =IF($CF49="FOCUSED",$CG49,"") | CG85: =IF($CF49="Dodge",$CG49,"") | CH85: =IF($CF49="Stolen Time",$CG49,"") | CI85: =IF($CF49="Personal Vehicle",$CG49,"") | CJ85: =IF($CF49="Faithful Companion",$CG49,"")
CE86: =SUM(CE51:CE85) -> 0 | CF86: =SUM(CF51:CF85) -> 0 | CG86: =SUM(CG51:CG85) -> 0 | CH86: =SUM(CH51:CH85) -> 0 | CI86: =SUM(CI51:CI85) -> 0 | CJ86: =SUM(CJ51:CJ85) -> 0
CF89: =AN5-AM5 -> 4 | CG89: =AM5 -> 0
CF90: =AN13-AM13 -> 6 | CG90: =AM13 -> 0 | CK90: =IF(AND($AI$2,$AN$2,$AS$2), TRUE, FALSE) -> TRUE | CM90: =IF(OR($AN$2,$AS$2),TRUE, FALSE) -> TRUE
CF91: =AN21-AM21 -> 8 | CG91: =AM21 -> 0 | CK91: =IF(OR($AI$2,$AN$2,$AS$2), TRUE, FALSE) -> TRUE | CM91: =IF(AI2,1,0)+IF(AN2,1,0)+IF(AS2,1,0) -> 3
CF92: =AN29-AM29 -> 10 | CG92: =AM29 -> 0
CE93: 0 | CF93: 0 | CG93: 0 | CH93: 0 | CI93: 0 | CJ93: 0 | CK93: 0 | CL93: 0 | CM93: 0 | CN93: 0 | CO93: 0 | CP93: 0
CE94: 0 | CF94: 0 | CG94: 0 | CH94: 0 | CI94: 0 | CJ94: 0 | CK94: 0 | CL94: 0 | CM94: 0 | CN94: 0 | CO94: 0 | CP94: 0
CE95: 0 | CF95: 0 | CG95: 0 | CH95: 0 | CI95: 0 | CJ95: 0 | CK95: 0 | CL95: 0 | CM95: 0 | CN95: 0 | CO95: 0 | CP95: 0
CE96: 0 | CF96: 0 | CG96: 0 | CH96: 0 | CI96: 0 | CJ96: 0 | CK96: 0 | CL96: 0 | CM96: 0 | CN96: 0 | CO96: 0 | CP96: 0
CE97: 0 | CF97: 0 | CG97: 0 | CH97: 0 | CI97: 0 | CJ97: 0 | CK97: 0 | CL97: 0 | CM97: 0 | CN97: 0 | CO97: 0 | CP97: 0
CE98: =IF(CG98+CF98>0, MAX(P10-M10, 0), IF(CH98>0, MAX(W10-T10, 0), IF(CI98>0, MAX(AD10-AA10, 0),IF(CK91,100,0)))) -> 0 | CF98: =IF($M$10<=FLOOR($P$10/2,1),IF(CM90, 0, IF(AI2, $M$10, 0)),0) -> 0 | CG98: =IF($M$10<=FLOOR($P$10/2,1),0,IF(CM90, 0, IF(AI2, $M$10, 0))) -> 0 | CH98: =IF(AS2, 0, IF(AN2,$T$10,0)) -> 0 | CI98: =IF(AS2, $AA$10, 0) -> 6 | CJ98: =IF(CM98>0,MAX(W10-T10,0),IF(CL98+CK98>0,MAX(P10-M10,0), IF(CM91>1,100,0))) -> 0 | CK98: =IF($M$10<=FLOOR($P$10/2,1), IF(AND(CM90, CK90 = FALSE, AI2), M10, 0), 0) -> 0 | CL98: =IF($M$10<=FLOOR($P$10/2,1), 0, IF(AND(CM90, CK90 = FALSE, AI2), M10, 0)) -> 0 | CM98: =IF(OR(CK90,AND(AN2,AS2)),T10,0) -> 45 | CN98: =IF(CK90, MAX(P10-M10,0), 0) -> 0 | CO98: =IF($M$10<=FLOOR($P$10/2,1),IF(CK90, M10, 0),0) -> 0 | CP98: =IF($M$10<=FLOOR($P$10/2,1),0,IF(CK90, M10, 0)) -> 50

Sheet 團務紀錄
D1: 日期 | H1: 詳情 | O1: 經驗值 | V1: 日期 | Z1: 詳情 | AG1: 物語點 | AN1: 日期 | AR1: 詳情 | AY1: 澤尼特(Z)
H2: 初始 | O2: 50 | Z2: 初始 | AG2: 3 | AR2: 初始資金 | AY2: 500
C3: 經驗值 | U3: 物語點 | AM3: 錢 包

Sheet 附加表
A1: mi | K1: 其他表格 - 如需替換現有表格，請參閱說明！
B2: 主題 | D2: Black
B5: 1.選取表格區域，然後按退格鍵清除它。 | T5: 2. 點選「合併」兩次，即可先合併再取消合併。 | AK5: 3. 點選「清除格式」清除該區域。 | BA5: 4. 將「附加表格」區域複製到主頁。
BM6: 顏色並不重要。
AP15: 🡇
N16: ⮧ | BM16: ⮧
AD17: ⮧
BO36: 你完成了！
C38: 更換命刻背景（請確保選取圖表下方的儲存格），使用方向鍵可輕鬆操作
B39: 秘儀師A | Q39: 秘儀師B | AF39: 魔奏者 | AU39: 嵌合師 | BL39: 預設
B46: 指揮官 | Q46: 舞者 | AF46: 暗黑之刃 | AU46: 元素師
BL47: 王牌
B53: 熵師 | Q53: 靈能者 | AF53: 植物學家 | AU53: 狂怒鬥士
B60: 美食家 | Q60: 守護者 | AF60: 祈喚者A | AU60: 祈喚者B
BL62: 死靈術師
B67: 博學者 | Q67: 商人 | AF67: 突變體 | AU67: 吟唱者
B74: 機師 | Q74: 遊蕩者 | AF74: 神射手 | AU74: 靈師
B81: 徽記師 | Q81: 修補匠 | AF81: 旅行者 | AU81: 武器大師
A88: 左欄 - 一般特徵
B93: 額外裝備 (non-rework) | AG93: 中型版
B94: 額外裝備 | C94: - 飾品- | AG94: 額外裝備 | AH94: - 飾品-
C95: FALSE | D95: 飾品 | P95: FALSE | Q95: 飾品 | AH95: FALSE | AI95: 飾品 | AU95: FALSE | AV95: 飾品
J96: HP | L96: MP | N96: IP | W96: HP | Y96: MP | AA96: IP | AO96: HP | AQ96: MP | AS96: IP | BB96: HP | BD96: MP | BF96: IP
J97: INI | L97: DEF | N97: MDF | W97: INI | Y97: DEF | AA97: MDF | AO97: INI | AQ97: DEF | AS97: MDF | BB97: INI | BD97: DEF | BF97: MDF
C98: FALSE | D98: 飾品 | P98: FALSE | Q98: 飾品 | AH98: FALSE | AI98: 飾品 | AU98: FALSE | AV98: 飾品
J99: HP | L99: MP | N99: IP | W99: HP | Y99: MP | AA99: IP | AO99: HP | AQ99: MP | AS99: IP | BB99: HP | BD99: MP | BF99: IP
J100: INI | L100: DEF | N100: MDF | W100: INI | Y100: DEF | AA100: MDF | AO100: INI | AQ100: DEF | AS100: MDF | BB100: INI | BD100: DEF | BF100: MDF
C101: FALSE | D101: 飾品 | P101: FALSE | Q101: 飾品 | AH101: - 防具 -
J102: HP | L102: MP | N102: IP | W102: HP | Y102: MP | AA102: IP | AH102: FALSE | AI102: 防具 | AU102: FALSE | AV102: 防具
J103: INI | L103: DEF | N103: MDF | W103: INI | Y103: DEF | AA103: MDF | AO103: HP | AQ103: MP | AS103: IP | BB103: HP | BD103: MP | BF103: IP
C104: FALSE | D104: 飾品 | P104: FALSE | Q104: 飾品 | AO104: INI | AQ104: DEF | AS104: MDF | BB104: INI | BD104: DEF | BF104: MDF
J105: HP | L105: MP | N105: IP | W105: HP | Y105: MP | AA105: IP | AH105: FALSE | AI105: 防具 | AU105: FALSE | AV105: 防具
J106: INI | L106: DEF | N106: MDF | W106: INI | Y106: DEF | AA106: MDF | AO106: HP | AQ106: MP | AS106: IP | BB106: HP | BD106: MP | BF106: IP
C107: - 防具 - | AO107: INI | AQ107: DEF | AS107: MDF | BB107: INI | BD107: DEF | BF107: MDF
C108: FALSE | D108: 防具 | P108: FALSE | Q108: 防具 | AH108: - 武器 -
J109: HP | L109: MP | N109: IP | W109: HP | Y109: MP | AA109: IP | AH109: FALSE | AI109: 武器 | AU109: FALSE | AV109: 武器
J110: INI | L110: DEF | N110: MDF | W110: INI | Y110: DEF | AA110: MDF | AO110: HP | AQ110: MP | AS110: IP | BB110: HP | BD110: MP | BF110: IP
C111: FALSE | D111: 防具 | P111: FALSE | Q111: 防具 | AO111: INI | AQ111: DEF | AS111: MDF | BB111: INI | BD111: DEF | BF111: MDF
J112: HP | L112: MP | N112: IP | W112: HP | Y112: MP | AA112: IP | AH112: FALSE | AI112: 武器 | AU112: FALSE | AV112: 武器
J113: INI | L113: DEF | N113: MDF | W113: INI | Y113: DEF | AA113: MDF | AO113: HP | AQ113: MP | AS113: IP | BB113: HP | BD113: MP | BF113: IP
C114: FALSE | D114: 防具 | P114: FALSE | Q114: 防具 | AO114: INI | AQ114: DEF | AS114: MDF | BB114: INI | BD114: DEF | BF114: MDF
J115: HP | L115: MP | N115: IP | W115: HP | Y115: MP | AA115: IP
J116: INI | L116: DEF | N116: MDF | W116: INI | Y116: DEF | AA116: MDF
C117: FALSE | D117: 防具 | P117: FALSE | Q117: 防具 | AG117: 縮寫版
J118: HP | L118: MP | N118: IP | W118: HP | Y118: MP | AA118: IP | AG118: 額外裝備 | AH118: - 飾品-
J119: INI | L119: DEF | N119: MDF | W119: INI | Y119: DEF | AA119: MDF | AH119: FALSE | AI119: 飾品 | AU119: FALSE | AV119: 飾品
C120: - 武器 - | AO120: HP | AQ120: MP | AS120: IP | BB120: HP | BD120: MP | BF120: IP
C121: FALSE | D121: 武器 | P121: FALSE | Q121: 武器 | AO121: INI | AQ121: DEF | AS121: MDF | BB121: INI | BD121: DEF | BF121: MDF
J122: HP | L122: MP | N122: IP | W122: HP | Y122: MP | AA122: IP | AH122: - 防具 -
J123: INI | L123: DEF | N123: MDF | W123: INI | Y123: DEF | AA123: MDF | AH123: FALSE | AI123: 防具 | AU123: FALSE | AV123: 防具
C124: FALSE | D124: 武器 | P124: FALSE | Q124: 武器 | AO124: HP | AQ124: MP | AS124: IP | BB124: HP | BD124: MP | BF124: IP
J125: HP | L125: MP | N125: IP | W125: HP | Y125: MP | AA125: IP | AO125: INI | AQ125: DEF | AS125: MDF | BB125: INI | BD125: DEF | BF125: MDF
J126: INI | L126: DEF | N126: MDF | W126: INI | Y126: DEF | AA126: MDF | AH126: - 武器 -
C127: FALSE | D127: 武器 | P127: FALSE | Q127: 武器 | AH127: FALSE | AI127: 武器 | AU127: FALSE | AV127: 武器
J128: HP | L128: MP | N128: IP | W128: HP | Y128: MP | AA128: IP | AO128: HP | AQ128: MP | AS128: IP | BB128: HP | BD128: MP | BF128: IP
J129: INI | L129: DEF | N129: MDF | W129: INI | Y129: DEF | AA129: MDF | AO129: INI | AQ129: DEF | AS129: MDF | BB129: INI | BD129: DEF | BF129: MDF
C130: FALSE | D130: 武器 | P130: FALSE | Q130: 武器
J131: HP | L131: MP | N131: IP | W131: HP | Y131: MP | AA131: IP
J132: INI | L132: DEF | N132: MDF | W132: INI | Y132: DEF | AA132: MDF
B135: 額外裝備 (rework) | AG135: 中型版
B136: 額外裝備 | C136: - 飾品- | AG136: 額外裝備 | AH136: - 飾品-
C137: FALSE | D137: 飾品 | P137: FALSE | Q137: 飾品 | AH137: FALSE | AI137: 飾品 | AU137: FALSE | AV137: 飾品
L138: DEF | N138: MDF | Y138: DEF | AA138: MDF | AQ138: DEF | AS138: MDF | BD138: DEF | BF138: MDF
J139: HP | L139: MP | N139: IP | W139: HP | Y139: MP | AA139: IP | AO139: HP | AQ139: MP | AS139: IP | BB139: HP | BD139: MP | BF139: IP
C140: FALSE | D140: 飾品 | P140: FALSE | Q140: 飾品 | AH140: FALSE | AI140: 飾品 | AU140: FALSE | AV140: 飾品
L141: DEF | N141: MDF | Y141: DEF | AA141: MDF | AQ141: DEF | AS141: MDF | BD141: DEF | BF141: MDF
J142: HP | L142: MP | N142: IP | W142: HP | Y142: MP | AA142: IP | AO142: HP | AQ142: MP | AS142: IP | BB142: HP | BD142: MP | BF142: IP
C143: FALSE | D143: 飾品 | P143: FALSE | Q143: 飾品 | AH143: - 防具 -
L144: DEF | N144: MDF | Y144: DEF | AA144: MDF | AH144: FALSE | AI144: 防具 | AU144: FALSE | AV144: 防具
J145: HP | L145: MP | N145: IP | W145: HP | Y145: MP | AA145: IP | AQ145: DEF | AS145: MDF | BD145: DEF | BF145: MDF
C146: FALSE | D146: 飾品 | P146: FALSE | Q146: 飾品 | AO146: HP | AQ146: MP | AS146: IP | BB146: HP | BD146: MP | BF146: IP
L147: DEF | N147: MDF | Y147: DEF | AA147: MDF | AH147: FALSE | AI147: 防具 | AU147: FALSE | AV147: 防具
J148: HP | L148: MP | N148: IP | W148: HP | Y148: MP | AA148: IP | AQ148: DEF | AS148: MDF | BD148: DEF | BF148: MDF
C149: - 防具 - | AO149: HP | AQ149: MP | AS149: IP | BB149: HP | BD149: MP | BF149: IP
C150: FALSE | D150: 防具 | P150: FALSE | Q150: 防具 | AH150: - 武器 -
L151: DEF | N151: MDF | Y151: DEF | AA151: MDF | AH151: FALSE | AI151: 武器 | AU151: FALSE | AV151: 武器
J152: HP | L152: MP | N152: IP | W152: HP | Y152: MP | AA152: IP | AQ152: DEF | AS152: MDF | BD152: DEF | BF152: MDF
C153: FALSE | D153: 防具 | P153: FALSE | Q153: 防具 | AO153: HP | AQ153: MP | AS153: IP | BB153: HP | BD153: MP | BF153: IP
L154: DEF | N154: MDF | Y154: DEF | AA154: MDF | AH154: FALSE | AI154: 武器 | AU154: FALSE | AV154: 武器
J155: HP | L155: MP | N155: IP | W155: HP | Y155: MP | AA155: IP | AQ155: DEF | AS155: MDF | BD155: DEF | BF155: MDF
C156: FALSE | D156: 防具 | P156: FALSE | Q156: 防具 | AO156: HP | AQ156: MP | AS156: IP | BB156: HP | BD156: MP | BF156: IP
L157: DEF | N157: MDF | Y157: DEF | AA157: MDF
J158: HP | L158: MP | N158: IP | W158: HP | Y158: MP | AA158: IP
C159: FALSE | D159: 防具 | P159: FALSE | Q159: 防具 | AG159: 縮寫版
L160: DEF | N160: MDF | Y160: DEF | AA160: MDF | AG160: 額外裝備 | AH160: - 飾品-
J161: HP | L161: MP | N161: IP | W161: HP | Y161: MP | AA161: IP | AH161: FALSE | AI161: 飾品 | AU161: FALSE | AV161: 飾品
C162: - 武器 - | AQ162: DEF | AS162: MDF | BD162: DEF | BF162: MDF
C163: FALSE | D163: 武器 | P163: FALSE | Q163: 武器 | AO163: HP | AQ163: MP | AS163: IP | BB163: HP | BD163: MP | BF163: IP
L164: DEF | N164: MDF | Y164: DEF | AA164: MDF | AH164: - 防具 -
J165: HP | L165: MP | N165: IP | W165: HP | Y165: MP | AA165: IP | AH165: FALSE | AI165: 防具 | AU165: FALSE | AV165: 防具
C166: FALSE | D166: 武器 | P166: FALSE | Q166: 武器 | AQ166: DEF | AS166: MDF | BD166: DEF | BF166: MDF
L167: DEF | N167: MDF | Y167: DEF | AA167: MDF | AO167: HP | AQ167: MP | AS167: IP | BB167: HP | BD167: MP | BF167: IP
J168: HP | L168: MP | N168: IP | W168: HP | Y168: MP | AA168: IP | AH168: - 武器 -
C169: FALSE | D169: 武器 | P169: FALSE | Q169: 武器 | AH169: FALSE | AI169: 武器 | AU169: FALSE | AV169: 武器
L170: DEF | N170: MDF | Y170: DEF | AA170: MDF | AQ170: DEF | AS170: MDF | BD170: DEF | BF170: MDF
J171: HP | L171: MP | N171: IP | W171: HP | Y171: MP | AA171: IP | AO171: HP | AQ171: MP | AS171: IP | BB171: HP | BD171: MP | BF171: IP
C172: FALSE | D172: 武器 | P172: FALSE | Q172: 武器
L173: DEF | N173: MDF | Y173: DEF | AA173: MDF
J174: HP | L174: MP | N174: IP | W174: HP | Y174: MP | AA174: IP
B178: 金手指 （使用「命刻」部分追蹤特定金手指的進程，例如「逃亡實驗體」的不穩定性。） | AG178: 中型版
...

Sheet 職業技能合集
B2: 職業 | C2: 免費增益 | D2: 技能 | E2: Column 1 | F2: Max SL | G2: 最高技能等級 | H2: 說明
B3: -
B4: ——核心規則——
B5: 秘儀師 | C5: MP +5 | D5: 阿爾卡納圓環 | E5: / | F5: 4 | G5: /4 | H5: 當你在衝突中於你的回合內自願解除一個阿爾卡納時，如果該阿爾卡納在同一回合中沒有被召喚，並且你裝備了奧術類別武器，你可以立即免費執行咒語動作。你用這種方式施放的咒語其MP消耗必須小於或等於此技能的【SL×5】(你仍需支付該咒語的MP消耗)。
B6: 秘儀師 | D6: 阿爾卡納再生 | E6: / | F6: 2 | G6: /2 | H6: 當你召喚一個阿爾卡納時，你會立即恢復【SL×5】的HP。
B7: 秘儀師 | D7: 綁定和召喚 | E7: / | F7: 1 | G7: /1 | H7: 你可以將阿爾卡納與你的靈魂綁定，稍後再召喚它們。當你第一次遇到阿爾卡納時，GM會告訴你每個綁定過程的細節： 你可以使用一個動作並花費40點MP來召喚一個你已經綁定的阿爾卡納：過程細節請見下頁。 如果你在角色創建中獲得這個技能，你可以在開始遊戲之前選擇一個阿爾卡納作為已經綁定的阿爾卡納，這個阿爾卡納必須從下文的列表中選擇。此外，你只能透過探索和故事進程獲得新的阿爾卡納。
B8: 秘儀師 | D8: 緊急秘儀 | E8: / | F8: 6 | G8: /6 | H8: 只要你處於危機狀態，召喚你的阿爾卡納所需的費用降低【SL× 5】點MP。
B9: 秘儀師 | D9: 秘儀學派儀式 | E9: / | F9: 1 | G9: /1 | H9: 你可以執行秘儀學派的儀式，只要它們的效果在你所綁定的一個或多個阿爾卡納的領域內(見下頁)。 秘儀學派儀式使用【WLP+WLP】作為施法檢定。
B10: 秘儀師【Playtest】 | C10: HP +5 or MP +5 (請自行輸入選擇，方便自動表計算） | D10: 秘術再生 | E10: / | F10: 6 | G10: /6 | H10: 當你自願解除與你連結的阿爾卡納後，如果你處於危機狀態，你可以讓自己和在場的每個盟友恢復【 SL × 5】點HP。
B11: 秘儀師【Playtest】 | D11: 綁定和召喚 | E11: / | F11: 1 | G11: /1 | H11: 你可以將阿爾卡納與你的靈魂綁定，稍後再召喚它們。當你第一次遇到阿爾卡納時，GM會告訴你每個綁定過程的細節： 你可以使用一個動作並花費30點MP來召喚一個你已經綁定的阿爾卡納：過程細節請見下頁。 如果你在角色創建中獲得這個技能，你可以在開始遊戲之前選擇一個阿爾卡納作為已經綁定的阿爾卡納，這個阿爾卡納必須從下文的列表中選擇。此外，你只能透過探索和故事進程獲得新的阿爾卡納。
B12: 秘儀師【Playtest】 | D12: 幻影之力 | E12: / | F12: 6 | G12: /5 | H12: 你與阿爾卡納處於連接狀態時，你的自由攻擊、脈衝、咒語造成的傷害額外增加【SL】點。當你用脈衝或解除效果造成傷害時，如果你裝備著奧術、匕首、或連枷武器，你可以讓傷害忽略親和度。
B13: 秘儀師【Playtest】 | D13: 快速召喚 | E13: / | F13: 2 | G13: /4 | H13: 當你在衝突中於你的回合內召喚一個阿爾卡納時，最多可以選擇兩個選項： ① 召喚你的阿爾卡納所需的費用降低【SL× 5】點MP。 ② 當你召喚並連接一個阿爾卡納之後，立刻執行脈衝技能。 如果你至少選擇一個選項，則在你的下一回合開始之前不能自願解除這個阿爾卡納；如果您選擇這兩個選項，則該召喚將無法使用阿爾卡納的解除效果。
B14: 秘儀師【Playtest】 | D14: 秘儀學派儀式 | E14: / | F14: 1 | G14: /1 | H14: 你可以執行秘儀學派的儀式，只要它們的效果在你所綁定的一個或多個阿爾卡納的領域內(見下頁)。 秘儀學派儀式使用【WLP+WLP】作為施法檢定。
B15: 嵌合師 | C15: MP +5，儀式學派 | D15: 吞噬 | E15: / | F15: 5 | G15: /5 | H15: 在你用咒語對一個或多個生物造成傷害後，如果你裝備了奧術、匕首或連枷武器，你會恢復【SL×2】的MP。
B16: 嵌合師 | D16: 野性交談 | E16: / | F16: 1 | G16: /1 | H16: 你可以與野獸、魔獸和植物物種的生物溝通。
B17: 嵌合師 | D17: 惡性循環 | E17: / | F17: 1 | G17: /1 | H17: 當你用你的嵌合咒語對一個或多個生物造成傷害時，那些與你最初習得該咒語的目標生物同屬一個物種的生物都會進入中毒狀態。
B18: 嵌合師 | D18: 嵌合學派儀式 | E18: / | F18: 1 | G18: /1 | H18: 你可以施展效果屬於嵌合學派的儀式。 當你獲得這個技能時，請選擇【INS+WLP】或【MlG+WLP】。從現在開始，你的嵌合學派儀式將使用所選的屬性進行施法法檢定。
B19: 嵌合師 | D19: 咒語模仿 | E19: / | F19: 10 | G19: /10 | H19: 當你看到一個屬於野獸、怪物或植物物種的生物施展咒語時，你可以立即選擇將該咒語作為你自己的嵌合師咒語：如果你這樣做，記錄下你從什麼物種的生物那裡學到此咒語。 當你第一次習得本技能時，選擇【INS+WLP】或【MIG+WLP】，之後你的攻擊性嵌合咒語(⚡) 將使用所選的屬性進行施法檢定，而不是你所學的生物所使用的屬性檢定。 同一時間你最多能夠學會【SL+2】項不同的嵌合師咒語，如果你想記住一個新的嵌合咒語，但已經達到了你的咒語上限，你必須遺忘你的一個舊咒語，用新咒語來代替它。
B20: 暗黑之刃 | C20: HP +5，職業近戰/防具 or 職業遠程/防具 【Playtest】 (請自行輸入選擇，方便自動表計算） | D20: 疼痛 | E20: / | F20: 5 | G20: /5 | H20: 一回合一次（包括其它生物的回合），當你對一個或多個敵人造成傷害後，如果你對其中至少一個生物有羈絆，你可以恢復【SL×2】HP和【SL×2】MP。 【Playtest】
B21: 暗黑之刃 | D21: 暗黑之血 | E21: / | F21: 1 | G21: /1 | H21: 只要你處於危機狀態，你就能對暗屬性傷害和毒屬性傷害獲得抗性。
B22: 暗黑之刃 | D22: 暗黑之心 | E22: / | F22: 1 | G22: /1 | H22: 一個場景一次，當你進入危機狀態時，你可以選擇一個你所看到的，但你並沒有對其建立羈絆的生物。如果你選擇了，就對該生物產生仇恨的羈絆。
B23: 暗黑之刃 | D23: 痛苦的教訓 | E23: / | F23: 5 | G23: /5 | H23: 在另一個生物使你失去HP後(用攻擊、咒語或其他方法)，你可以立即對該生物免費執行研究動作（見74頁）。如果你這麼做了，你可以在研究動作的檢定上額外獲得此技能【SL】的加值。 記住，你只能對一個生物的單一面向研究一次。
B24: 暗黑之刃 | D24: 暗影突襲 | E24: / | F24: 5 | G24: /5 | H24: 你已經學會將你的生命力導入你的攻擊之中。你可以使用一個動作來進行暗影突襲：骰你目前的MIG骰，並且損失相當於【MIG骰結果】的HP。如果這沒有使你的HP降至0，你可以用你裝備的武器進行一次自由攻擊：如果這次攻擊擊中一個或多個目標，它造成的額外傷害等於【SL+MIG骰結果】。這次攻擊造成的所有傷害都變成了暗屬性，其傷害類型不能改變。
B25: 元素師 | C25: MP +5，儀式學派 | D25: 災難 | E25: / | F25: 3 | G25: /3 | H25: 當你施展瞬發咒語時，如果你裝備了奧術武器，你可以將該法術的總MP消耗額外增加【SL×10】點MP。如果你這樣做了，而該咒語對一個或多個生物造成了傷害，那麼它將對每個生物造成額外的傷害，每增加10點MP，額外增加5點傷害。
B26: 元素師 | D26: 元素魔法 | E26: / | F26: 10 | G26: /10 | H26: 每當你獲得此技能時，學習一個元素學派咒語(見下兩頁)。攻擊性元素咒語 (⚡) 使用【INS+WLP】進行施法檢定。
B27: 元素師 | D27: 魔法砲擊 | E27: / | F27: 3 | G27: /3 | H27: 當你施展攻擊性咒語(⚡) 時，如果你裝備有奧術武器，你的施法檢定會獲得相當於【SL×2】的加值。
B28: 元素師 | D28: 元素學派儀式 | E28: / | F28: 1 | G28: /1 | H28: 你可以施展效果屬於元素學派的儀式。 元素系的儀式使用【INS+WLP】作為魔法檢定。
B29: 元素師 | D29: 咒語之刃 | E29: / | F29: 3 | G29: /3 | H29: 當你對單一生物施展攻擊性咒語（⚡）時，如果該咒語的總MP消耗為 【SL×20】或更低，並且你裝備了一個非奧術武器，你可以選擇這些武器中的一個。如果你這樣做了，你對該咒語的施法檢定額外獲得此技能【SL】的加值，並使用所選武器的命中檢定公式；例如，透過青銅劍（見131頁）施展元素咒語的施法檢定將是【DEX+MIG+3】，而不是【INS+WLP】。 另外，若這個施法檢定有使用到DEX骰，該咒語所造成的傷害將會增加【SL×2】 的數值。 【Playtest】
B30: 熵師 | C30: MP +5，儀式學派 | D30: 吸收心智 | E30: / | F30: 5 | G30: /5 | H30: 在你受到傷害後，你可以恢復【SL×2】點MP。
B31: 熵師 | D31: 熵係魔法 | E31: / | F31: 10 | G31: /10 | H31: 每當你獲得此技能時，可以學習一個熵系咒語(見下兩頁)。 攻擊性熵係咒語 (⚡) 使用【INS+WLP】作為施法檢定。
B32: 熵師 | D32: 幸運七 | E32: / | F32: 1 | G32: /1 | H32: 你有一個幸運數字；在每次聚會開始時，這個數字是7。當你在之後的每個場景中執行檢定時，你可以用你的幸運數字與你擲出的一個骰子上的數值交換(即使這將給出一個不可能的結果，例如在一個d6上的數值是7)。如果你這樣做，替換的數值將成為你新的幸運數字。
B33: 熵師 | D33: 熵系學派儀式 | E33: / | F33: 1 | G33: /1 | H33: 你可以施展效果屬於熵學派的儀式。 元素系的儀式使用【INS+WLP】作為魔法檢定。
B34: 熵師 | D34: 竊取時間 | E34: / | F34: 4 | G34: /4 | H34: 在戰鬥中，你可以使用一個動作來幹擾時間的流動，也就是花費最多為 【SL×5】的MP。你每花費5點MP，就可以選擇一個選項： ①一個你能看見的生物會遭受緩慢狀態影響； ② 或一個你能看見的生物會從緩慢狀態中恢復； ③或一個你能看到的已經遭受緩慢狀態的生物，損失相當於【10+（SL×5）】的HP； ④或一個你能看到的生物可以立即免費執行裝備動作； ⑤或選擇一個你能看到的、在本輪中尚未進行回合的盟友：該盟友 在本回合中可以在你之後立即進行回合。 每次使用該技能時，每個選項只能被最多選擇一次。 【Playtest】
B35: 狂怒鬥士 | C35: HP +5，職業近戰/防具 | D35: 腎上腺素 | E35: / | F35: 5 | G35: /5 | H35: 只要你處於危機狀態，你就會額外造成【SL × 2】傷害(包括攻擊、咒語、阿爾卡納、物品或其他方法造成的傷害)。
B36: 狂怒鬥士 | D36: 暴怒 | E36: / | F36: 1 | G36: /1 | H36: 使用格鬥、投擲、匕首或連枷類別武器進行命中檢定時，只要兩個骰子顯示相同數字（且不是大失敗）時，你將觸發大成功。
B37: 狂怒鬥士 | D37: 不屈意志 | E37: / | F37: 4 | G37: /4 | H37: 當你花費一個或多個物語點時，你會獲得額外的好處－選擇一個選項：你會恢復【SL × 5】HP；或你恢復【SL × 5】MP；或者你自己恢復一個你選擇的狀態效果。
B38: 狂怒鬥士 | D38: 挑釁 | E38: / | F38: 5 | G38: /5 | H38: 你可以使用一個動作並花費5點MP對你能看到的一個生物執行一個【MIG+WLP】的對抗檢定並描述你如何挑釁他，如果成功，目標會進入憤怒狀態，被迫將注意力集中在你身上(他的攻擊和攻擊性咒語必須盡可能將你包括在目標中)。如果你失去知覺或離開場景，或生物不再處於憤怒狀態，或被其他人成功挑釁，本效果就結束。 本技能發起的【MIG+WLP】檢定都會獲得相當於【SL】的加值。
B39: 狂怒鬥士 | D39: 忍耐 | E39: / | F39: 5 | G39: /5 | H39: 當你執行防禦動作時，如果你選擇不為其他生物提供掩護，你恢復等於【SL乘以你的羈絆中最高強度】的HP，並選擇MIG或WLP：你選擇的屬性骰尺寸提升一階(最大為d12)，直到你的下一回合結束。
B40: 守護者 | C40: HP +5，職業防具/盾牌 | D40: 盾反 | E40: / | F40: 5 | G40: /5 | H40: 當你在你的回合中造成傷害時，如果你上回合執行防禦動作並選擇為另一個生物提供掩護，造成【SL】額外傷害。 【Playtest】
B41: 守護者 | D41: 防守掌握 | E41: / | F41: 5 | G41: /5 | H41: 只要你裝備了盾牌或職業防具，你受到的所有傷害都會減少【SL】的數值(這個效果應用在傷害親和力計算之前)。
B42: 守護者 | D42: 雙重盾牌 | E42: / | F42: 1 | G42: /1 | H42: 你現在可以在你的主手欄位裡裝備盾牌了。只要你裝備了兩個盾牌，你就可以同時獲得這兩件物品的好處，並可以將它們合併視為格鬥類別的雙手近戰武器！
B43: 守護者 | D43: 不動要塞 | E43: / | F43: 4 | G43: /4 | H43: 永久提高你的最大HP【SL× 5】點。 【Playtest】
B44: 守護者 | D44: 保護 | E44: / | F44: 1 | G44: /1 | H44: 當其他生物受到攻擊、咒語或其他危險的威脅時，你可以代替他們(任何屬於危險的檢定都會對你執行；你可以在檢定完成之前或之後聲明此技能的使用)。如果危險已經影響到你，它會影響你兩次(分別結算兩次)；你不能保護多個生物免受相同的危險。如果你在衝突中使用此技能，在下回合開始前不能再使用。
B45: 博學士 | C45: MP +5 | D45: 靈光一閃 | E45: / | F45: 5 | G45: /5 | H45: 當你在調查生物、物品或地點的檢定中骰出13或更高時(包括在衝突中使用研究動作)，你可以向GM詢問有關你調查主題的【SL】個問題。你可以馬上問這些問題，也可以留到以後再問；當你問其中一個問題時，GM會如實回答，你將描述你的角色演繹推理的過程。 此技能只能對同一生物、物品或地點使用一次。
B46: 博學士 | D46: 集中 | E46: / | F46: 6 | G46: /6 | H46: 永久提高你的最大MP【SL× 5】點。 當你使用【INS+INS】執行開放檢定時，你在該檢定上獲得等於【SL】的加值(這只適用於開放檢定)【Playtest】
B47: 博學士 | D47: 知識就是力量 | E47: / | F47: 1 | G47: /1 | H47: 當你執行命中檢定時，你可以用INS取代一個屬性(如手槍為【INS+INS】或戰斧為【INS +MIG】)。
B48: 博學士 | D48: 快速評估 | E48: / | F48: 6 | G48: /6 | H48: 在衝突開始時，你可以花費多達【SLx5】的MP。你每花5MP，選擇一個選項：選擇一個你能看到的生物，GM會揭示他們的一個特質；或者選擇一個傷害類型，選擇一個你能看到的生物，GM會顯示該生物對該傷害類型的親和力。
B49: 博學士 | D49: 博聞強記 | E49: / | F49: 1 | G49: /1 | H49: 你可以很好地回憶起過去一周你去過的任何一個地方的細節。你可以在你的腦海中“回到過去”，以便再次檢查和調查這些場景——你的靈光一閃技能也將適用於這些記憶場景。
B50: 吟唱者 | C50: MP +5 | D50: 譴責 | E50: / | F50: 6 | G50: /6 | H50: 你可以使用一個動作，花費5點MP對一個能聽到並理解你的生物執行一個對抗檢定【INS+WLP】——描述你的譴責，如果你成功，目標將失去【SL×5】MP，進入眩暈或動搖狀態(你來選擇)，並且所有傷害來源都會對目標造成【SL】點額外傷害，直到你的下一回合開始。在此技能的【INS+WLP】檢定中你獲得等於【SL】的加值。 【Playtest】
B51: 吟唱者 | D51: 激勵 | E51: / | F51: 6 | G51: /6 | H51: 在衝突中，你可以使用一個動作並花費5點MP去選擇另一個能聽到並理解你的生物。此生物恢復【10+（SL×5）】HP，並選擇DEX、INS、MIG或WLP：目標的所選屬性骰尺寸+1(最多d12)，直到你的下一回合開始。 【Playtest】
B52: 吟唱者 | D52: 我相信你 | E52: / | F52: 2 | G52: /2 | H52: 在另一個能夠聽到你的玩家角色執行檢定後，你可以花費1物語點並觸發他的特質或羈絆，以便讓他重擲骰子或提高檢定結果(遵循正常規則)。然後，如果你對該角色有羈絆，他們會恢復【SL× 10】點MP。
B53: 吟唱者 | D53: 能言善辯 | E53: / | F53: 2 | G53: /2 | H53: 當你成功執行檢定來填滿或清除命刻的部分刻度時，如果你的方法依賴於魅力、外交、欺騙或恐嚇，你可以花費最多【SL × 20】MP發動技能。如果你這樣做了，每用20個MP就填滿或抹去一個額外的命刻刻度。
B54: 吟唱者 | D54: 意外盟友 | E54: / | F54: 1 | G54: /1 | H54: 你可以使用一個動作並花費1點物語點選擇一個能聽到並理解你的非敵對生物。如果你這樣做了，只要你對他們友善、尊重，並且你的要求是合理的，他們就會幫助你。
B55: 遊蕩者 | C55: IP +2 | D55: 偷襲 | E55: / | F55: 5 | G55: /5 | H55: 當你攻擊一個生物時，如果攻擊只針對該生物，並且該生物正在遭受一個或多個狀態效果，你可以使其受到等於【SL+該生物的狀態效果數量】的額外傷害。
B56: 遊蕩者 | D56: 閃避 | E56: / | F56: 3 | G56: /3 | H56: 只要你沒有裝備盾牌和職業防具，你的物防就會提高等同於【SL】的數值。
B57: 遊蕩者 | D57: 迅捷 | E57: / | F57: 3 | G57: /3 | H57: 在衝突開始時，你可以消耗10點MP。如果你這麼做了，選擇一個選項並在第一輪開始前應用它：用你裝備的武器進行一次自由攻擊；或執行阻礙或推進目標動作。你執行所選項目的相關檢定時獲得等於【SL】的加值。
B58: 遊蕩者 | D58: 待會再見 | E58: / | F58: 1 | G58: /1 | H58: 你可以使用一個動作並消耗1個物語點從當前場景消失，你可以在任意時刻從另一個有玩家角色登場的不同場景中出現。你需要描述你是如何逃脫並奇蹟般地到達這裡的。
B59: 遊蕩者 | D59: 靈魂竊取 | E59: / | F59: 5 | G59: /5 | H59: 在衝突中，你可以使用一個動作對你所看到的生物的魔防執行【DEX +WLP】檢定。如果你成功了並且目標是一名士兵級別生物，你便能夠恢復【SL】點IP；如果他們是精英級別生物或冠名級別生物，GM會給你目標的靈魂寶藏，一個等於或低於【目標等級乘以30，或者如果他們是反派則乘以50】澤尼特的物品。這個靈魂寶藏會出現在你的背包裡；使用此技能只能成功偷一個生物一次。 此技能發起【DEX+WLP】檢定時你可以獲得相當於【SL】的加值。
B60: 神射手 | C60: HP +5，職業遠程/盾牌 | D60: 連續射擊 | E60: / | F60: 1 | G60: /1 | H60: 當你進行遠程攻擊時，你可以花費10點MP選擇一個選項：攻擊獲得多重(2)；或者你將攻擊的多重屬性增加1，最多增加到多重(3)。
B61: 神射手 | D61: 交叉火力 | E61: / | F61: 1 | G61: /1 | H61: 當你能看到的生物進行遠程攻擊後，你可以花費相當於其【命中檢定結果總和+5】的MP，使他本次對所有目標的攻擊自動失敗。你只能在裝備遠程武器的情況下使用這個技能，如果命中檢定是大成功，這個技能將無法生效。 【Playtest】
B62: 神射手 | D62: 鷹眼 | E62: / | F62: 5 | G62: /5 | H62: 當你執行防禦動作時，如果你選擇不為其他生物提供掩護，你可以消耗10MP選擇一個選項：你在當前場景結束前執行的下一次遠程攻擊將造成【5+（SL×5）】點額外傷害，並忽略抗性和免疫；或者你可以立即用你裝備的弓或火器進行一次自由攻擊，在計算這次攻擊造成的傷害時，將你的HR視為0。 【Playtest】
B63: 神射手 | D63: 遠程武器掌握 | E63: / | F63: 4 | G63: /4 | H63: 你所有遠程武器的命中檢定獲得等於【SL】的加值。
B64: 神射手 | D64: 警告射擊 | E64: / | F64: 4 | G64: /4 | H64: 當你用遠程攻擊命中一個或多個目標並造成傷害時，你的攻擊可以不造成傷害。如果你這樣做，選擇一個選項：對每個被命中的目標施加動搖狀態；或對每個被命中的目標施加緩慢狀態；或每一個被命中的目標失去【SL×10】MP。記得描述你的操作！
B65: 靈師 | C65: MP +5，儀式學派 | D65: 療癒能力 | E65: / | F65: 2 | G65: /2 | H65: 當你施放針對一個或多個盟友的咒語時，如果你裝備了奧術武器，你可以讓每個這些盟友恢復等於【3+（SL X 你有的羈絆數量）】的HP。 這種治療與任何由咒語效果引起的治療是分開的。 【Playtest】
B66: 靈師 | D66: 靈魂學派儀式 | E66: / | F66: 1 | G66: /1 | H66: 你可以執行效果屬於靈魂學派的儀式魔法。 靈魂學派儀式使用【INS+WLP】進行施法檢定。
B67: 靈師 | D67: 靈魂魔法 | E67: / | F67: 10 | G67: /10 | H67: 每次你獲得此技能，學習一個靈魂咒語(見下兩頁)。 攻擊性靈魂咒語(⚡) 使用【INS + WLP】進行施法法檢定。
B68: 靈師 | D68: 支援魔法 | E68: / | F68: 1 | G68: /1 | H68: 當你施放一個針對一個或多個盟友的咒語時，如果你裝備了奧術武器，你可以選擇其中一個你對其有羈絆的盟友。如果你這麼做了，那麼他們在當前場景中執行的下一個檢定將獲得額外加值；這個加值等於你對他們的羈絆的強度。
B69: 靈師 | D69: 活力魔法 | E69: / | F69: 1 | G69: /1 | H69: 當你施放一個咒語時，如果你沒有足夠的MP來支付它的總成本，你可以選擇花費兩倍的HP。當這樣會使你的HP降到0時你不能發動這個技能。如果一個用這種方式施放的咒語會讓你恢復HP，那麼你將不會恢復HP(除此之外正常作用於任何其他目標)。
B70: 修補匠 | C70: IP +2，造物 | D70: 緊急道具 | E70: / | F70: 1 | G70: /1 | H70: 每個衝突場景限一次，如果你處於危機狀態，你可以在你的回合中執行一個額外的動作。此動作必須是使用庫存動作。
B71: 修補匠 | D71: 小工具 | E71: / | F71: 5 | G71: /5 | H71: 當你第一次獲得這個技能時，選擇一個小工具類型:煉金術，灌注術或魔科技(見下四頁)。你獲得它的基礎增益。 當你再次獲得此技能時，選擇一個選項：你獲得一種新工具類型的基礎增益；或者你獲得一種你已經獲得基礎增益的小工具類型的高級增益；或者你獲得一種你已經獲得高級增益的小工具類型的最高增益。
B72: 修補匠 | D72: 藥水雨 | E72: / | F72: 2 | G72: /2 | H72: 當你創造了藥水來恢復單一生物的HP和/或MP時，你可能會使它影響額外的【SL】個生物。如果你這樣做，藥水只能為每個目標恢復正常數量的一半HP和MP。
B73: 修補匠 | D73: 秘密配方 | E73: / | F73: 5 | G73: /5 | H73: 當你創造一個藥水或魔法球，並且它們的效果可以恢復HP和/或MP時，恢復的數值額外增加【SLx 5】。 當你創造一個能造成傷害的元素碎片、藥水或魔法球時，該物品會造成【SL】的額外傷害。
B74: 修補匠 | D74: 高瞻遠矚 | E74: / | F74: 5 | G74: /5 | H74: 當你在製作一個創造物時，至多【SL×100】澤尼特的材料成本會被自動支付；此外，你每天都會產生額外的【SL】個進度。如果多個擁有該技能的角色在同一個專案中工作，效果將是累積的。
B75: 旅人 | C75: IP +2 | D75: 忠實夥伴 | E75: / | F75: 5 | G75: /5 | H75: • 與你團隊的其他成員一起，設計一個5級的野獸、構造體、元素或植物生物（見302頁），這將成為你的伙伴。這個生物沒有先攻，不能升級，最多可以有兩種基礎攻擊，得到等於【SL】的命中檢定和施法檢定加值，他們的最大HP等於【（SL乘以夥伴的基礎MIG骰尺寸）+你的一半等級】。 • 你的同伴不會在衝突中獲得回合，但在你的回合中你可以使用一個動作讓夥伴執行一個動作（每回合只能執行一次）。如果你離開場景，你的夥伴會和你一起離開。 • 如果你的夥伴HP下降到0，他們會逃跑並在下一個你出現的場景開始時重新加入你的隊伍，這種時候他們的HP等於他們的危機HP。 • 當你休息時，你的夥伴也會獲得休息的全部好處。
B76: 旅人 | D76: 有備無患 | E76: / | F76: 4 | G76: /4 | H76: 你在每次旅行移動骰後恢復【SL】的IP。 （見106頁）
B77: 旅人 | D77: 酒館閒聊 | E77: / | F77: 3 | G77: /3 | H77: 當你在小旅館或小酒館休息時，你可以問GM關於你周圍的環境和住在這裡的人最多等同於你【SL】的問題；GM會如實回答，但你得描述你是如何收集信息的。
B78: 旅人 | D78: 寶藏獵人 | E78: / | F78: 2 | G78: /2 | H78: 當你的團隊在世界地圖上旅行時，你將在旅行移動骰投出【SL+1】 更低值時發現什麼(而不是只在1上才有發現)。
B79: 旅人 | D79: 通曉道路 | E79: / | F79: 1 | G79: /1 | H79: 你的旅行移動骰尺寸降低一階（最小為d6），隊內多人擁有此技能不會疊加。
B80: 武器大師 | C80: HP +5，職業近戰/盾牌 | D80: 劍刃風暴 | E80: / | F80: 1 | G80: /1 | H80: 當你進行近戰攻擊時，你可以花費10點MP來選擇一個選項：攻擊獲得多重(2)；或你將攻擊的多重屬性增加1，最多增加到多重(3)。
B81: 武器大師 | D81: 碎骨擊 | E81: / | F81: 4 | G81: /4 | H81: 當你用近戰攻擊擊中一個或多個目標並造成傷害時，你可以讓攻擊不造成傷害。如果你這樣做了，選擇一個選項：對每個被攻擊的目 標施加暈眩狀態；對每個被攻擊的目標施加虛弱狀態；每個被攻擊擊中的目標損失【SL×10】點MP。描述你是怎麼做到的！
B82: 武器大師 | D82: 破甲擊 | E82: / | F82: 3 | G82: /3 | H82: 你可以使用一個動作，花費10MP，用你裝備的近戰武器進行一次自由攻擊。這次攻擊只能針對單一生物。如果攻擊成功，你選擇一個選項：當目標在你的下回合開始前受到某個盟友的傷害時，該來源對目標造成【SL×2】額外傷害；你當前的攻擊將造成【SL×5】點額外傷害，無視抗性，並且物理屬性以外的傷害類型不能造成弱點傷害。 【Bestiary Vol. 1】
B83: 武器大師 | D83: 招架反擊 | E83: / | F83: 1 | G83: /1 | H83: 當敵人用近戰攻擊命中或沒有命中你時，如果他們的命中檢定結果是偶數，你可以對敵人進行一次自由攻擊(在他們的攻擊結算後)。 這種攻擊必須是近戰攻擊，並且必須以敵人為唯一目標；計算此攻擊造成的傷害時，將你的HR視為0。
B84: 武器大師 | D84: 近戰武器掌握 | E84: / | F84: 3 | G84: /3 | H84: 對近戰武器的所有命中檢定，你獲得等於【SL】的加成。
B85: ——萬聖節拓展——
B86: 死靈術士 | C86: HP +5 or MP +5 (請自行輸入選擇，方便自動表計算） | D86: 超越死界 | E86: / | F86: 5 | G86: /5 | H86: 當你視野的一個生物（不含你自己）在危機狀態中失去HP時，如果其並非不死生物，你將會獲得1個墳點。墳點永遠不會超過【SL＋1】。當你的HP降至0時，失去所有的墳點；然後，如果你以這種方式失去了至少1個墳點，並且這是你在這個場景中HP第一次降至0，你無需選擇投降或犧牲：相反，你會恢復相當於【SL×你以這種方式失去的墳墓點】HP。
B87: 死靈術士 | D87: 墓土之子 | E87: / | F87: 1 | G87: /1 | H87: 你可以與不死生物進行語言溝通。每個場景一次，你可以詢問不死生物一個問題，並且它們將被迫如實回答。
B88: 死靈術士 | D88: 恐懼即為關鍵 | E88: / | F88: 3 | G88: /5 | H88: 當你使一個或多個敵人失去HP後，如果你獲得了超越死界技能，並且其中至少有一個敵人處於動搖或虛弱狀態，你將獲得1個墳墓點並恢復【SL×2】HP和MP。
B89: 死靈術士 | D89: 喪鐘為誰而鳴 | E89: / | F89: 3 | G89: /5 | H89: 當你用咒語對一個或多個敵人造成傷害時，你可以消耗1個墳墓點，並選擇一個選項： ①選擇其中一個目標，該咒語會對目標造成相當於【SL+目標身上狀態效果數量】的額外傷害； ②如果目標未動搖狀態效果，賦予它動搖狀態。
B90: 死靈術士 | D90: 惡夢迴旋曲 | E90: / | F90: 1 | G90: /1 | H90: 當你釋放目標為「1個生物」的攻擊性咒語時，你可以消耗2個墳墓點使其針對你能看到的現場所有生物（執行一次施法檢定，並與所有目標的魔防進行對抗）。如果你這麼做，這次咒語造成的所有傷害都變成了暗屬性，其傷害類型不能改變。
B91: ——高度奇幻——
B92: 徽記師 | C92: IP +2 | D92: 咒語徽記 | E92: / | F92: 3 | G92: /3 | H92: 如果一個盟友攜帶著你的徽記，他能以咒語動作來摧毀這個徽記，來施展一個你習得的咒語，只要該咒語的總MP消耗小於等於【SL×10】點。由這個盟友自己來支付MP消耗。
B93: 徽記師 | D93: 幻影 | E93: / | F93: 1 | G93: /1 | H93: 你可以執行屬於儀式學科的儀式。此外，你能以此施展能創造視覺幻象的儀式。
B94: 徽記師 | D94: 私人接觸 | E94: / | F94: 5 | G94: /5 | H94: 當一個你能看到且攜帶著你的徽記的生物受到傷害、恢復HP、恢復MP、同時恢復HP與MP時，你能讓他相應地承受【SL】點額外傷害、額外恢復【SL】點HP、額外恢復【SL】點MP、額外同時恢復【SL】點HP與MP。
B95: 徽記師 | D95: 徽記連結 | E95: / | F95: 1 | G95: /1 | H95: 你總能知曉任何攜帶著你的徽記的生物所在的方向，只要他在距離你兩個旅行日的範圍內。
B96: 徽記師 | D96: 徽記學 | E96: / | F96: 5 | G96: /5 | H96: 每次你獲得本技能，你習得2種徽。詳見【徽記表】。你最多能同時擁有【SL+1】個徽記，若你創造了多於​​上限的徽記，則你必須選擇一個已有的徽記摧毀。你能以使用庫存動作，消耗2點IP來創造一個習得的徽記並選擇：將徽記放在自己身上；將徽記放在一個可見的盟友身上；用裝備著的武器進行一個自由攻擊，這次攻擊不會造成傷害，但能將該徽記放在所有被命中的目標身上（若命中了多個目標，每個目標都會獲得一個單獨計入上限的徽記複製品上限。
B97: 魔奏者 | C97: MP +5 | D97: 魔法演奏 | E97: / | F97: 10 | G97: /10 | H97: 在衝突場景中的你的回合，你能以一個動作消耗特定點數的MP，透過語言和音樂編織出一個魔法效果，這被稱作音調。即使你有多個動作，你也只能在每個回合中演奏一個音調。音調的具體規則參見【音調表】。當你第一次獲得本技能時，你學會全部三種音量、一個音調、一個曲風；後續獲得本技能時，你額外習得一個音調或一個曲風（選擇一項）。
B98: 魔奏者 | D98: 迴響 | E98: / | F98: 3 | G98: /3 | H98: 當你用音調影響了一個或多個敵人時，若你裝備著一個奧術類武器，你可以選擇一個選項： ①直到你的下個回合開始，你的盟友對這些敵人造成額外【SL】點傷害；②直到你的下個回合開始，每當這些敵人受到傷害時，你恢復【SL】點MP（若同一傷害來源對這些敵人中的兩個或更多個同時造成了傷害，則你能因每個受傷的敵人分別恢復MP）
B99: 魔奏者 | D99: 塞壬之歌 | E99: / | F99: 1 | G99: /1 | H99: 你可以執行屬於儀式學科的儀式。此外，你能以此施展能創造聽覺幻象的儀式。
B100: 魔奏者 | D100: 隔音屏障 | E100: / | F100: 5 | G100: /5 | H100: 當你以中或高的音量使用一個音調後，直到你的下個回合開始，你承受的所有物理傷害減少【SL】點（在計算屬性親和之前結算）。
B101: 魔奏者 | D101: 顫音 | E101: / | F101: 1 | G101: /1 | H101: 當你以低或中的音量使用一個音調後，你能以裝備著的武器執行一次自由攻擊，在計算這次攻擊造成的傷害時，將你的HR視為0。
...

Sheet 咒語合集
A1: 學派 | B1: 咒語 | C1: MP | D1: 目標 | E1: 持續時間 | F1: 效果
A2: 元素 | B2: 元素防護罩 | C2: 5 × T | D2: 至多3個生物 | E2: 場景 | F2: 你編織魔法能量，保護目標免受元素的憤怒。 選擇一種傷害類型：風、電、土、火或冰。直到此咒語結束時，每個目標獲得對所選傷害類型的抗性。
A3: 元素 | B3: 元素武器 | C3: 10 | D3: 一把武器 | E3: 場景 | F3: 你給武器注入了元素能量。選擇一種傷害類型：風、電、土、火或冰。在此咒語結束之前，該武器造成的所有傷害都會變成所選的傷害類型。如果你在施展此咒語時裝備了該武器，你可以在同一動作中用它進行一次自由攻擊。 這個咒語只能在自願的生物所裝備的武器上施放。
A4: 元素 | B4: 照明烈焰⚡ | C4: 20 | D4: 1個生物 | E4: 瞬發 | F4: 你向你的敵人射出一束火光，它的溫度極高以至於可以穿透大多數防禦。目標受到【HR+25】的火屬性傷害。 此咒語造成的傷害無視於抗性。
A5: 元素 | B5: 電流術⚡ | C5: 10 × T | D5: 至多3個生物 | E5: 瞬發 | F5: 你將電流編織成一片劈啪作響的閃電。每個被此咒語擊中的目標會受到 【HR+15】的電屬性傷害。 機會：每個被此咒語擊中的目標都會進入眩暈狀態。
A6: 元素 | B6: 冰川覆裂⚡ | C6: 10 × T | D6: 至多3個生物 | E6: 瞬發 | F6: 你給你的敵人披上了一層厚厚的霜。每個被此咒語擊中的目標都受到【HR + 15】的冰屬性傷害。 機會：每個被此咒語擊中的目標都會進入緩慢狀態。
A7: 元素 | B7: 冰凍堡壘⚡ | C7: 20 | D7: 1個生物 | E7: 瞬發 | F7: 用魔法冰柱包圍你的敵人，將敵人的體溫降低到臨界點。目標受到【HR + 25】的冰屬性傷害。 這個咒語造成的傷害忽略抗性。
A8: 元素 | B8: 伊格尼斯之火⚡ | C8: 10 × T | D8: 至多3個生物 | E8: 瞬發 | F8: 你向你的敵人釋放灼熱的彈幕，從稀薄的空氣中召喚出火焰。每個被此咒語擊中的目標受到【HR + 15】的火屬性傷害。 機會：每個被此咒語擊中的目標都會進入動搖狀態。
A9: 元素 | B9: 飛天打擊 | C9: 10 | D9: 自己 | E9: 瞬發 | F9: 狂風將帶著你的攻擊飛躍戰場。你可以立即使用你裝備的近戰武器進行自由攻擊。這個攻擊可以以只能被遠程攻擊的生物為目標。 如果你使用屬於劍、格鬥或矛類別的武器進行此攻擊，它會額外造成5點傷害。 如果你用此攻擊擊中飛行目標，你可以迫使他們立即著陸。 【Playtest】
A10: 元素 | B10: 大地震擊⚡ | C10: 10 × T | D10: 至多3個生物 | E10: 瞬發 | F10: 鋸齒狀的岩石尖刺從你的敵人下面的地面噴發出來，包圍在他們身旁。每個被此咒語擊中的目標都受到【HR + 15】的土屬性傷害。這個咒語不能針對正在飛行、漂浮、墜落或在半空中的生物。 機會：每一個被此咒語擊中的目標在他們的下一個回合中執行的動作減少一個(最少0個動作)。
A11: 元素 | B11: 雷霆⚡ | C11: 20 | D11: 1個生物 | E11: 瞬發 | F11: 你向你的敵人發出閃電。目標受到【HR + 25】的電屬性傷害。 這個咒語造成的傷害忽略抗性。
A12: 元素 | B12: 烈風⚡ | C12: 10 × T | D12: 至多3個生物 | E12: 瞬發 | F12: 你召喚風的力量對付你的敵人。每個被此咒語擊中的目標受到【HR + 15】的風屬性傷害。 機會：每個被此咒語擊中的飛行目標將強制立即降落。
... A39: 靈魂 | B39: 魂之帷幕 | C39: 5 × T | D39: 至多三個生物 | E39: 場景 | F39: 你驅動靈魂能量形成薄幕，輕柔地包裹保護隊友。選擇一種傷害類型：暗、光或毒。在此咒語結束之前，每個目標將獲得該傷害類型的抗性。 【Playtest】

Sheet DLC技能
A1: 類型 | B1: 名稱 | C1: 目標 | D1: 持續 | E1: 觸發事件/持續時間 | F1: 描述 | G1: Column 1
A2: 徽記技能 | B2: 束縛徽記 | C2: - | D2: - | F2: 攜帶者的目前屬性骰尺寸永遠不會超過他的基礎骰尺寸。這不會終止對應的提高骰尺寸的效果，只是將其無效。
A3: 徽記技能 | B3: 制物徽記 | C3: - | D3: - | F3: 當攜帶者需要在戰鬥中消耗IP時，他能摧毀這個徽記並無視那次IP消耗。
A4: 徽記技能 | B4: 絕望徽記 | C4: - | D4: - | F4: 當攜帶者在戰鬥中恢復HP或MP時，他只能恢復原本一半的數值。
A5: 徽記技能 | B5: 命運徽記 | C5: - | D5: - | F5: 當攜帶者執行一次檢定後，若你能看到他，你能消耗1點物語點，讓他重投兩顆骰子。每個檢定你只能使用本效果一次，且不能在檢定結果是大成功或大失敗時使用。
A6: 徽記技能 | B6: 元素徽記 | C6: - | D6: - | F6: 創造本徽記時，選擇一項傷害類型：風 / 電 / 暗 / 土 / 火 / 冰 / 光 / 毒。當攜帶者對一個或多個生物造成傷害時，若你能看到攜帶者，你能消耗【對所有目標造成的總傷害（計入所有來源的額外傷害）的三分之一】點MP。該傷害將轉換成創造本徽記時所選擇的傷害類型。
A7: 徽記技能 | B7: 憎惡徽記 | C7: - | D7: - | F7: 只要攜帶者處於危機，任何能看到他的敵人都必須盡可能地選為攻擊和攻擊性咒語的目標（之一）。
A8: 徽記技能 | B8: 融焊徽記 | C8: - | D8: - | F8: 創造本徽記時，選擇一項狀態：眩暈 / 動搖 / 緩慢 / 虛弱。再選擇一項效果：攜帶者獲得對該狀態的免疫；攜帶者失去對該狀態的免疫，且無法重新獲得對該狀態的免疫。
A9: 徽記技能 | B9: 禁止徽記 | C9: - | D9: - | F9: 創造本徽記時，選擇一個動作：攻擊 / 保護 / 進行目標 / 咒語 / 技能。當攜帶者執行該動作時，他損失5HP和5MP。當你的角色等級達到20級時，這個數值提高至10點；達到40級時，提高至20點。
A10: 徽記技能 | B10: 成長徽記 | C10: - | D10: - | F10: 攜帶者施展的咒語若能選擇「至多三個生物」作為目標，則提升至「至多四個生物」（MP消耗也會隨著更多的目標而增加）。
A11: 徽記技能 | B11: 變形徽記 | C11: - | D11: - | F11: 創造本徽記時，選擇一個種類：野獸 / 構造體 / 惡魔 / 元素 / 魔獸 / 植物 / 不死生物。攜帶者被視為該種類而非原本的種類（這不會改變攜帶者的各項數值，例如屬性親和和特殊規則等）。該徽記不能施加在玩家身上。
A12: 徽記技能 | B12: 繁榮徽記 | C12: - | D12: - | F12: 當攜帶者使用1點物語點，來觸發背景或羈絆時，他獲得100澤尼特。
A13: 徽記技能 | B13: 防護徽記 | C13: - | D13: - | F13: 創造本徽記時，選擇一項傷害類型：風 / 電 / 暗 / 土 / 火 / 冰 / 光 / 毒。攜帶者獲得對該類型的抗性。
... A20: 徽記技能 | B20: 弱點徽記 | C20: - | D20: - | F20: 創造本徽記時，選擇一項傷害類型：風 / 電 / 暗 / 土 / 火 / 冰 / 光 / 毒。攜帶者受到額外5點該類型的傷害。
A21: 舞步技能 | B21: 天使舞 | C21: 本身 | D21: 直到下一回合 | E21: 直到你的下個回合開始 | F21: 選擇一項：你獲得對光屬性的抗性；或將所有你的攻擊和咒語造成的傷害轉換為光屬性。
A22: 舞步技能 | B22: 女妖嚎 | C22: 一個可見你的生物 | D22: 立即 | E22: 瞬發 | F22: 選擇另一個可以看見你的生物，若他已有緩慢狀態，他立刻獲得動搖狀態。
A23: 舞步技能 | B23: 蝠之舞 | C23: 本身 | D23: 直到下一回合 | E23: 直到你的下個回合開始 | F23: 選擇一項：你獲得對暗屬性的抗性；或將所有你的攻擊和咒語造成的傷害轉換為暗屬性。
A24: 舞步技能 | B24: 傀儡戲 | C24: 本身 | D24: 直到下一回合 | E24: 直到你的下個回合開始 | F24: 選擇一項：你獲得對電屬性的抗性；或將所有你的攻擊和咒語造成的傷害轉換為電屬性。
A25: 舞步技能 | B25: 獅鷲形 | C25: 本身 | D25: 直到下一回合 | E25: 直到你的下個回合開始 | F25: 選擇一項：你獲得對風屬性的抗性；或將所有你的攻擊和咒語造成的傷害轉換為風屬性。
A26: 舞步技能 | B26: 九頭蛇 | C26: 本身 | D26: 直到下一回合 | E26: 直到你的下個回合開始 | F26: 當你受到傷害時選擇一項：恢復5點HP；恢復5點MP。
A27: 舞步技能 | B27: 海怪纏 | C27: 一個可見你的生物 | D27: 立即 | E27: 瞬發 | F27: 選擇另一個可以看見你的生物，若他已有眩暈狀態，則他立刻獲得緩慢狀態。
A28: 舞步技能 | B28: 獅子吼 | C28: 本身 | D28: 立即 | E28: 瞬發 | F28: 你立刻從一個選擇的狀態中恢復。
A29: 舞步技能 | B29: 梅納德 | C29: 一個可見你的生物 | D29: 立即 | E29: 瞬發 | F29: 選擇另一個可以看見你的生物，他損失【你目前DEX骰尺寸】點MP。
A30: 舞步技能 | B30: 米爾頓 | C30: 本身 | D30: 直到下一回合 | E30: 直到你的下個回合開始 | F30: 選擇一項：你獲得對土屬性的抗性；或將所有你的攻擊和咒語造成的傷害轉換為土屬性。
A31: 舞步技能 | B31: 夢魘麋 | C31: 一個可見你的生物 | D31: 立即 | E31: 瞬發 | F31: 選擇另一個可以看見你的生物，若他已有動搖狀態，則他立刻獲得虛弱狀態。
A32: 舞步技能 | B32: 銜尾蛇 | C32: 一個可見你的盟友 | D32: 立即 | E32: 瞬發 | F32: 選擇另一個可以看見你的、尚未在本輪進行過回合的盟友，在本輪中，他能在你的回合之後立刻開始他的回合。
... A37: 舞步技能 | B37: 雪怪足 | C37: 本身 | D37: 直到下一回合 | E37: 直到你的下個回合開始 | F37: 選擇一項：你獲得對冰屬性的抗性；或將所有你的攻擊和咒語造成的傷害轉換為冰屬性。
A38: 混合形態 | B38: 兩棲形態 | C38: - | D38: - | F38: 你可以在水下呼吸和在昏暗光線下視物的能力。每當你恢復HP時會額外恢復5點HP，並立即從你選擇的一種狀態效果中恢復。
A39: 混合形態 | B39: 追獵形態 | C39: - | D39: - | F39: 你的INS骰尺寸視為+1(最大d12)。在每個回合中，每當你第一次造成傷害時，如果你所瞄準的目標中有一個或更多處於危機狀態的生物，你會對每個生物造成5點額外傷害。
A40: 混合形態 | B40: 腕力形態 | C40: - | D40: - | F40: 你的MIG骰尺寸視為+1(最大d12)。當你成功執行檢定來填滿或清除命刻的部分刻度時，如果你的檢定包含MIG屬性，你可以填滿或抹去一個額外的命刻刻度。
A41: 混合形態 | B41: 放電形態 | C41: - | D41: - | F41: 當你用攻擊或咒語擊中目標並造成傷害時，你可以將所有這些傷害變成電屬性傷害。當你的徒手攻擊造成電屬性傷害時，那麼以你的一次徒手攻擊而損失 20 點或以上HP的目標會被施加緩慢狀態。 | G41: 改
A42: 混合形態 | B42: 神經吞噬形態 | C42: - | D42: - | F42: 每當你使用吞噬Biophagy技能時，你同時恢復【4+吞噬技能的SL】點MP。 | G42: 改
A43: 混合形態 | B43: 疊甲形態 | C43: - | D43: - | F43: 你可以將自己的物防為【13+（混合變形的SL/2）】(如果高於13，他們仍然可以自由使用自己的正常物防)。 | G43: 改
A44: 混合形態 | B44: 噴射形態 | C44: - | D44: - | F44: 當你用攻擊或咒語擊中目標並造成傷害時，你可以將所有這些傷害變成風屬性傷害。當你的徒手攻擊造成風屬性傷害時，那麼以你的一次徒手攻擊而損失 20 點或以上HP的目標會被施加虛弱狀態。 | G44: 新
A45: 混合形態 | B45: 多足形態 | C45: - | D45: - | F45: 你的徒手攻擊獲得多重(3);
A46: 混合形態 | B46: 飛翼形態 | C46: - | D46: - | F46: 你獲得飛行能力。除了在機動性方面明顯的提升外，你的近戰攻擊還可以瞄準飛行中的目標；你無法被近戰攻擊瞄準，除非攻擊者正在飛行或以某種特殊方式能夠瞄準到飛行目標。當你無法自由飛行時(如，身處於為人類體型生物設計的載具內，機師Pilot的個人載具personal vehicle內就是如此)，這種混合形態的效果無法生效。此外，當你在衝突場景中受到風屬性、電屬性或冰屬性傷害時，你將失去這個優勢直到你下一個回合開始。
A47: 混合形態 | B47: 爆燃形態 | C47: - | D47: - | F47: 當你用攻擊或咒語擊中目標並造成傷害時，你可以將所有這些傷害變成火屬性傷害。當你的徒手攻擊造成火屬性傷害時，那麼以你的一次徒手攻擊而損失 20 點或以上HP的目標會被施加眩暈狀態。 | G47: 改
A48: 混合形態 | B48: 靈巧形態 | C48: - | D48: - | F48: 你的DEX骰尺寸視為+1(最大d12)。當你成功執行檢定來填滿或清除命刻的部分刻度時，如果你的檢定包含DEX屬性，你可以填滿或抹去一個額外的命刻刻度。
A49: 混合形態 | B49: 毒物形態 | C49: - | D49: - | F49: 當你用攻擊或咒語擊中目標並造成傷害時，你可以將所有這些傷害變成毒屬性傷害。當你的徒手攻擊造成毒屬性傷害時，那麼以你的一次徒手攻擊而損失 20 點或以上HP的目標會被施加中毒狀態。 | G49: 改
A50: 心理天賦 | B50: 動能掌控 | E50: 當你造成傷害時 | F50: 這次傷害類型變爲風或電屬性，並造成等同於【2+你當前靈刻已填刻度】的額外傷害。
A51: 心理天賦 | B51: 神視 | E51: 當一個NPC成爲你的認知焦點技能目標時，或者你對一個NPC產生羈絆時 | F51: 你可以詢問GM一個關於這個NPC的問題，GM會如實告知；然後，由你來描述一番你是靠什麽感覺來獲得這些信息的。對每個NPC你只能生效一次該天賦。
A52: 心理天賦 | B52: 引力掌握 | E52: 當你造成傷害時 | F52: 這次傷害類型變爲土或物理屬性，並造成等同於【2+你當前靈刻已填刻度】的額外傷害。如果傷害源對一個或多個飛行中的生物造成傷害，那麽這些生物將立即被迫降落。
A53: 心理天賦 | B53: 生命轉移 | E53: 當你使一個或多個敵人失去HP時 | F53: 選擇自身或一個成爲你的焦點的盟友：如果選擇的生物處於危機狀態，他恢復等同於【5+（5x你當前靈刻已填刻度）】的HP。
A54: 心理天賦 | B54: 光能掌握 | E54: 當你造成傷害時 | F54: 這次傷害類型變爲光或暗屬性，並造成等同於【2+你當前靈刻已填刻度】的額外傷害。
A55: 心理天賦 | B55: 精神反衝 | E55: 當一個敵人在一次對抗檢定中勝過你或者使你失去HP時 | F55: 這個敵人失去等同於【5+你當前靈刻已填刻度】的MP。然後，選擇一個選項：這個敵人被施加眩暈狀態；或者這個敵人被施加動搖狀態。
A56: 心理天賦 | B56: 心靈護盾 | E56: 當一個你可以看見的敵人進行一次攻擊或實戰一次攻擊性咒語時 | F56: 你將自己的物防和魔防變爲【你當前WLP骰尺寸+（2x你當前靈刻已填刻度）】來應對這次的攻擊或攻擊性咒語。
A57: 心理天賦 | B57: 安心 | E57: 在你執行防禦動作並選擇掩護一個盟友后 | F57: 這個盟友恢復等同於【10+（5x你當前靈刻已填刻度）】的MP。如果這個盟友是你的焦點，從眩暈、憤怒、動搖中選擇一個狀態效果恢復。
A58: 心理天賦 | B58: 内能掌握 | E58: 當你造成傷害時 | F58: 這次傷害類型變爲火或冰屬性，並造成等同於【2+你當前靈刻已填刻度】的額外傷害。

Sheet 英雄技能列表
A1: 技能名称 | B1: 学习要求 | C1: 技能效果
A2: 英雄技能
A3: ↓核心規則↓
A4: 靈巧雙手 | B4: 通用 | C4: 你可以將【雙武器戰鬥】應用在不同類別的武器，包括近戰武器與遠程武器的組合。 只要你裝備兩種不屬於同類別的武器，物防得到+2加值，每個你的回合的第二次攻擊會造成5點額外傷害。
A5: 額外HP | B5: 通用 | C5: 增加最大HP 10點（40級時增加20點）。
A6: 額外IP | B6: 通用 | C6: 增加最大IP 4點。
A7: 額外MP | B7: 通用 | C7: 增加最大MP 10點（40級時增加20點）。
A8: 額外咒語 | B8: 通用 | C8: 從元素、熵系或靈魂咒語清單中學習2個咒語，必須來自同一清單。
A9: 背水 | B9: 暗黑之刃 | C9: 只要你受到一種或多種狀態效果的影響時，每一種狀態效果使你獲得所有檢定的+1加值（最多+3點），且每一種狀態效果使得你造成的所有傷害(包括攻擊、咒語、阿爾卡納、物品或任何其他方法造成的)會有額外的2點傷害（最多6點）。 【Playtest】
A10: 阿爾卡納迴響 | B10: 秘儀師 | C10: 成功填充/消除命刻時，若阿爾卡納領域適用，額外填充/消除一格命刻。
A11: 嵌合術精通 | B11: 嵌合師 | C11: 【咒語模仿】可從構裝體、惡魔、元素生物或不死生物中，其中兩種物種身上學習咒語，每次學習增加2個嵌合咒語槽。這個技能最多獲得兩次。
A12: 彗星 | B12: 熵師 | C12: 學會熵師的終極咒語——【彗星】 —————————————————— 【彗星】、MP50、目標：特殊、持續時間：瞬發 你撕開通往宇宙的大口，從裂開的虛空中召喚星塵的碎片。選擇其中一個選項： ①你所能看見的一個生物受到60點傷害； ②你所能看見的所有敵人都受到40點傷害。 如果你達到20級或更高，傷害增加5，如果你達到40級或更高，傷害增加10。 此咒語造成的傷害沒有類型(因此不受傷害親和度的影響)
A13: 大口袋 | B13: 修補匠 | C13: 使用庫存點時，消耗量減少1（最小為1）。
A14: 卸甲真言 | B14: 吟唱者 | C14: 執行動作使動搖或危機中的士兵等級敵人撤退（消耗MP = 20 + 敵方等級一半）。
A15: 薄情者 | B15: 暗黑之刃 | C15: 攻擊單一目標時，消耗自己一半當前HP，額外傷害=10×與目標的羈絆強度，每回合限用1次。
... A34: 超魔法 | B34: 元素師 | C34: 學會元素師的終極咒語——【超魔法】，選擇其中一個屬性（火、風、電、土、冰）。 —————————————————— 【超魔法】、MP40、目標：特殊、持續時間：瞬發 你操控星球的能量，呼喚出原初之力。 選擇其中一個選項： ①你所能看見的一個生物受到50點選擇屬性的傷害； ②你所能看見的所有敵人都受到30點選擇屬性的傷害。 如果你達到20級或更高，傷害增加5，如果你達到40級或更高，傷害增加10。 此咒語造成的傷害無視抗性和免疫。
A35: ↓死亡饋贈↓
A36: 殘酷的誕生 | B36: 死靈術士 | C36: 當一個你能看到的屬於野獸、類人、怪物或植物物種的非反派NPC死亡時，你可以花費2個墳墓點，並減少你自己相當於該NPC等級的HP和MP上限。如果你這樣做，他/她/它的屍體就會變成一個服從你心靈感應命令的僕從： ·它的物種變成不死生物，並接受所有不死生物規則（見《核心規則》p305）。獲得對暗、光和毒屬性傷害的新親和力，失去原先具備的親和力，但原物種的其他規則保持不變。 ·它的等級變成士兵；如果原來的生物是菁英或冠名，GM必須相應地減少僕從的HP和MP（技能保持不變）。 ·它是個全新的生物，擁有滿值的HP、MP，狀態影響清零重置。它保留原生物的所有裝備。 ·在衝突中，你和僕從會有各自的回合，GM在設計衝突時需要將它算作一個額外的玩家角色。 ·當你休息時，你的僕從也會獲得休息的全部好處。 ·如果僕從的HP被降低到0，並且你距離它超過1個旅行日，又或者你死亡、失去知覺，你的僕從會被立即摧毀。 ·你也可以在任何時候摧毀你的僕從，但在衝突時只能在自己的回合這麼做；如果你想創造一個新的僕從，你必須先摧毀當前的那個。 ·如果你的僕人被摧毀，你的HP和MP上限會恢復正常。
A37: 哀慟採集者 | B37: 死靈術士或熵師，且必須學會抽取精魂和抽取活力咒語 | C37: 當你施放「抽取精魂」或「抽取活力」咒語時，你所恢復的MP或HP等於目標所損失的MP或HP（而不是原先的1/2）。此外，當你達到20級或更高時，你的「抽取精魂」會使目標損失【HR+20】點MP，如果你達到40級或更高時，變為【HR+25】MP，而不是通常的【HR+15】。
A38: 蠕蟲的鼓動 | B38: 死靈術士 | C38: 只要你有至少1個墳點，就會獲得對毒與暗屬性傷害的免疫，對物理屬性傷害的抗性，以及對光屬性傷害的弱點。這些親和設置會始終覆蓋任何其他來源的親和設置，只要你有至少1個墓穴點，就不會因為任何方式而改變。
A39: ↓高度奇幻↓
A40: 奧術印記 | B40: 神射手、徽記師或武器大師 | C40: 當你用奧術類武器進行攻擊並命中一個或多個生物時，該次攻擊額外造成 5 點傷害，且你可以選擇其中一個被命中的生物。如果你在本場景中施放的下一個進攻性咒語僅以該被選生物為目標，則其施法檢定在在兩個骰子得到相同出目且不是大失敗時，均被視作大成功。
A41: 雙重詠唱 | B41: 兩個或更多：元素師、熵師、靈師，且你的角色等級必須為30或更高 | C41: 在衝突中，每回合一次，如果你裝備著一個奧術類武器，你能以一個動作消耗20~50點MP，來連續兩次、無需動作地執行施放咒語動作，施放兩個咒語且無需支付它們的MP消耗。這兩個咒語的合計MP消耗必須小於等於【20+你施放這個技能時所用的MP】，且第二個咒語的MP消耗必須小於等於第一個咒語的MP消耗的一半。
A42: 利刃嫻熟 | B42: 遊蕩者或武器大師 | C42: 當你裝備一個或多個近戰、匕首類武器時，你的物防和魔防獲得+1加值。而你能夠將這些武器視為格鬥類、劍類、投擲類武器。此外，你用匕首類武器做出的攻擊能選擇那些通常不能被近戰攻擊的目標。
A43: 槍彈破擊 | B43: 神射手 | C43: 當你以交叉火力技能無效一次遠程攻擊後，如果那次攻擊的命中檢定結果是偶數，你就能用裝備著的遠程火器類武器對那個攻擊者執行一次自由攻擊。這次自由攻擊必須以他為唯一的目標，並且在計算傷害時將你的HR視為0。
A44: 永恆戰場 | B44: 指揮官 | C44: 你的主教法令、騎兵衝鋒、帝王堅壘技能的MP消耗減半。
A45: 清潔石板 | B45: 徽記師 | C45: 你能用一個動作，消耗至多30點MP，每消耗5點MP就能選擇一個你能看見的生物。這些生物從所有狀態效果中恢復，並且不再受到任何現有的、持續整個場景的咒語的效果。
A46: 雙重箭矢 | B46: 指揮官或神射手 | C46: 當你以攻擊動作使用遠程弓類武器時，若你沒有裝備除此以外的其他武器，則你能進行2次獨立的攻擊而非通常的一次（選擇同一個目標或不同的目標）。若如此做，這兩次攻擊遵循與雙武器戰鬥同樣的規則：每次攻擊都失去多重屬性且不能獲得多重屬性；計算傷害時將你的HR視為0。這個英雄技能無法和定制武器的【迅捷✦】疊加。
A47: 快速儀式 | B47: 嵌合師、元素師、熵師或靈師 | C47: 當你在衝突場景中開始一個儀式時，其儀式命刻減少2個區域（最低為4）。
A48: 瞬息之間 | B48: 武器大師，且習得招架反擊技能 | C48: 當你用一把近戰劍類武器使用招架攻擊技能時，你能將HR加入傷害運算中（無需將HR視為0）。
A49: 偉大召喚 | B49: 秘儀師，且你的角色等級必須為30或更高 | C49: 當你召喚一個阿爾卡納時，你能消耗1點物語點和一半當前HP，將你的生命力來塑造阿爾卡納的力量。若如此做，阿爾卡納會現形為一個小兵級別、惡魔物種、由你操作的生物（它視作一個盟友，且有自己獨立的回合；若你在衝突中召喚它，則它會在本輪結束後加入場景）。你無法再享受通常召喚時的連結效果。 這個召喚生物應用如下數據： · 等級等於你的角色等級 · 一個屬性D10，其餘屬性D8（由你指派） · 最大HP等於【2*基本MIG骰尺寸 + 你的最大HP/2】 · 2項傷害類型的抗性（由你選擇） · 該生物享受通常召喚時的連結效果。如果連結效果會讓阿爾卡納解除，那麼該生物會因此消失，除非你消耗20點MP作為代替 · 獲得1種近戰基礎攻擊，命中檢定使用兩項不同的屬性（由你選出），造成【HR+8】物理傷害。此外，你選擇下列中的兩項：①變成遠程攻擊；②傷害+4；③變成一種物理以外的傷害類型；④命中檢定使用單一屬性 · 該生物能以使用技能動作來產生一個解除效果，該生物也會因此消失，除非你消耗20點MP作為代替 此外，應用以下規則： · 該生物被召喚時，擁有滿HP、沒有狀態效果 · 該生物被削減至0HP時會消失，當你死亡、失去意識、離開場景、再次召喚阿爾卡納、再次使用偉大召喚時它也會消失。該生物也會在場景結束時消失，你也能單純地命令它消失（這不會觸發阿爾卡納通常的解除效果） · 任何選擇都必須在首次召喚時做出並記錄。如果你再次使用本技能召喚相同的阿爾卡納，它會繼承最初的選擇。
A50: 重裝兵 | B50: 指揮官或守護者 | C50: 只要你的主手槽位裝備了一把武器、副手槽位裝備了一個盾牌，你的攻擊就能造成5點額外傷害，且在物防上獲得+1加值。這個精通技能無法和定制武器的【物防提升】與雙重盾牌技能疊加。
A51: 鋼鐵叢林 | B51: 指揮官或武器大師 | C51: 當你用一把矛類武器，以一次近戰攻擊命中一個或多個生物後，若你沒有裝備除此以外的其他武器，你就能使用20點MP並選擇這些生物中的一個。若如此做，這次攻擊對所有目標造成的傷害減半，而你從下列動作中選擇一項：攻擊 / 保護 / 推進目標 / 施放咒語 / 使用技能。在這之後，該目標必須支付10點MP才能使用該項動作，若他無法支付，則必須選擇其他動作。這個效果持續到你的下個回合開始，或是你再次使用本技能為止。
... A63: 三刀流 | B63: 舞者或武器大師 | C63: 只要你在主副手槽位各裝備著一件屬於劍類或匕首類的單手近戰武器，你就能把你的護具槽位視為第二個副手槽位。轉換後的槽位只能裝備屬於劍類或匕首類的單手近戰武器。 （注意，精通技能靈猴握並不能將雙手武器轉換為單手武器，故它不能與三刀流組合。）當你裝備了三把劍類或匕首類的武器並使用攻擊動作時，你能以每把武器分別做出一次攻擊。這些攻擊遵循與雙武器戰鬥同樣的規則：每次攻擊都失去多重屬性且不能獲得多重屬性，且計算傷害時將你的HR視為0。
A64: ↓科技奇幻↓
A65: 奧法戰士 | B65: 元素師、神射手或武器大師，並至少學會兩個攻擊性咒語 | C65: 你可以用一個動作，使用已裝備的一把武器進行一次自由攻擊。這次攻擊只能瞄準一個敵人。如果這次攻擊命中，你在計算這次攻擊的傷害時將HR視為0。在這次攻擊結算後，如果成功命中，則你可以立即免費執行咒語動作：你這次施展的咒語必須是一個總MP消耗低於等於20的攻擊性咒語，並且只能瞄準這次攻擊的目標(你仍然需要照常花費MP和進行施法檢定)。在結算咒語傷害或其他特殊效果時，你這次的施法檢定HR視為0。
A66: 靈刻解放 | B66: 靈能者 | C66: 當你的靈刻為滿刻度時，你可以使用1個動作清空全部刻度。如果你這樣做了，你可以選擇一個選項：你對每個出現在當前場景的敵人造成20點物理傷害；或者你對一個能夠聽到你的敵人造成30點物理傷害。這個數值將在你達到20級或更高等級時提升10點，或是當你達到40級或更高等級時提升20點。
A67: 子彈時間 | B67: 遊蕩者或熵師，且必須學會閃避或竊取時間 | C67: 你的先攻獲得等同於【你的閃避SL+你的竊取時間SL】的加值。 只要你沒有裝備盾牌或職業防具，你受到的所有傷害都會減少【你的閃避SL】的數值(這個效果應用在傷害親和度之前)，並且你造成的所有傷害增加【你的竊取時間SL】的額外傷害。
A68: 誘餌 | B68: 神射手，且必須獲得鷹眼技能 | C68: 當你使用鷹眼技能並選擇第一個選項時，如果當前場景中沒有誘餌，你可以花費10點MP創造一個HP等同於【你等級的一半+(你的鷹眼SL×5)】的誘餌。 當一個能看見你誘餌的敵人對一個或多個生物造成傷害時，你的誘餌會自動代替其中一個生物受到傷害，隨機選擇(你的誘餌視作對所有傷害類型的親和力為一般，且無法改變其傷害親和力)。 當敵人將你的誘餌HP降到0時，你的誘餌會被摧毀，且你擲1d10，若出目等於或低於【3+你的鷹眼SL】，你可以立即使用你裝備的一把弓或火器類別武器執行一次自由攻擊。這次攻擊只能以該敵人為目標，且獲得等同於【你的鷹眼SL】的命中檢定加值，其傷害忽略目標的抗性和免疫。 你的誘餌無法恢復HP，並在場景結束時自動摧毀。請你一定要描述它的樣子！
A69: 夢之刃 | B69: 暗黑之刃或靈能者 | C69: 當你使用劍類別的武器使用暗影突襲技能命中一個或多個生物時，這些目標均會損失等同於【這次暗影突襲MIG骰結果】的MP。然後，如果【這次暗影突襲MIG骰結果】為8或更高，你可以選擇一個被這次攻擊命中的生物。若該生物是你的焦點或你對其有羈絆，該生物在它的下一回合將少執行一個動作(最少0個動作）。
A70: 神經同步 | B70: 機師 | C70: 在衝突場景中，當你的回合開始時，若你正在駕駛你的個人載具，你可以選擇一個選項：你與同場景中同樣駕駛著屬於他的個人載具的另一個玩家角色進行同步；或者你與你個人載具上的另一個玩家角色進行同步。如果你這樣做了，你和這名玩家角色就會進行鏈接，描述你們倆是怎樣齊心協力的！在同步啟動期間，你和這名玩家角色獲得以下好處： ◆當你進行任何檢定時，你可以使用另一個玩家角色的屬性骰子大小來取代你的。你可以選擇代替其中的一個或全部兩個骰子。 ◆當你造成傷害時，造成等同於【你對另一名玩家角色的羈絆強度+另一名玩家角色對你的羈絆強度】的額外傷害 ◆你可以用一個動作，以另一名玩家角色目前搭乘的個人載具的，一個啟動或關閉的武裝模組，執行一次自由攻擊。 ◆當你的回合結束時，如果本輪內另一位玩家角色還未進行他的回合，他可以在你之後立即進行他的回合。 同步效果持續到該場景結束，或你和另一個玩家角色之中某一人死亡、失去意識、離開該場景，不再搭乘個人載具、與其他人進行神經同步時結束。
A71: 進階無拘形態 | B71: 突變體，並學會無拘型態技能 | C71: 你的徒手攻擊將根據你目前的武器類型來獲得以下增益： ◆奧術，格鬥，匕首，投擲：你使用徒手攻擊進行攻擊時，可以將目標的物防視為等同於其當前INS骰尺寸。 ◆弓、劍：你使用徒手攻擊瞄準2個或更多生物進行的攻擊將造成5點額外傷害。 ◆火器，重型：你的徒手攻擊對構裝體造成5點額外傷害，並對不屬於構裝體但至少裝備著一面盾牌或職業防具的生物造成5點額外傷害。 ◆連枷，矛：你的物防+2，你的徒手攻擊可以瞄準飛行中的生物。 如果你的徒手攻擊被視為多種武器類型(例如因為利刃嫻熟英雄技能，見高度奇幻擴展，p154)，則你將同時獲得所有你符合的武器類型的增益效果。
A72: 進階蛻皮 | B72: 突變體，且必須獲得蛻皮技能 | C72: 當你使用蛻皮技能時，你也可以選擇以下一個或兩個選項：你從所有狀態效果中恢復；且/或你如果正受到一個或多個持續時間為「場景」的咒語的影響時，你將不再受到這些咒語的影響。
A73: 進階混合變形 | B73: 突變體，且必須獲得混合變形技能 | C73: 在衝突場景中，當你在你的回合內使用混合變形技能後，若這不是透過基因分析技能觸發，你可以顯性表達出三個你已習得的混合形態（而非原來的兩個）。當你使用混合變形技能執行自由攻擊時，可以把 HR 加入額外傷害當中（不需要把 HR 視爲 0）。
A74: 直擊內心 | B74: 魔奏者或吟唱者，並學會譴責技能 | C74: 當你對一個敵人使用譴責時，如果你知道一個或更多這個敵人的特質並且你的檢定成功了，你將恢復等同於目標損失MP一半的MP，並且你可以讓目標受到憤怒狀態而不是眩暈或者動搖狀態。 此外，當你對一個憤怒狀態的生物進行對抗檢定，或者對包括有一個或多個憤怒狀態的生物進行命中檢定或攻擊性咒語的施法檢定時，只要你的兩個骰子數字相同(且不為雙1的大失敗)就可以視為大成功。
A75: 破釜沉舟 | B75: 暗黑之刃或狂怒鬥士 | C75: 當你以一把武器進行攻擊時，你可以在命中檢定擲骰前宣言「破釜沉舟！」。如果你這麼做了，在結算傷害時這次檢定的HR視為雙倍，若結果為偶數，你施加以下懲罰： ◆若你用的武器是可變形武器（見p113），這把武器立即轉換成它的另一種形態，並且直到場景結束前都不能再轉換形態。 ◆若你用的不是可變形武器，或是無法轉換形態的可變形武器（見上方），它將被放進你的背包且無法被裝備，直到當前場景結束；不過，你可以立即免費執行裝備動作。 此英雄技能不適用於徒手打擊，臨時武器，武裝模組（見p161），雙重盾牌（見核心規則書，p197）。
A76: 模擬同化 | B76: 嵌合師或突變體，並且學習了突變體中的基因分析和嵌合師的咒語模仿技能 | C76: 當你對一個NPC使用基因分析技能時，如果這個生物的物種恰好屬於你模仿咒語技能可以學習嵌合咒語的物種之一，那麼GM必須將這個生物所有會的咒語都告訴你。然後，如果這個生物會一個或更多咒語，那麼你可以選擇其中一個咒語來作為你學會的嵌合咒語。
... A82: 鋼鐵魔女 | B82: 機師 | C82: 在衝突中，你在每個自己的回合內第一次施展咒語時，如果你正在駕駛你的個人載具，在咒語結算後，你可以選擇一個選項：選擇一個激活的模組並關閉它，然後選擇一個關閉的模組並激活它；或者你在當前場景結束前施展的下一個咒語將造成5點額外傷害；或者你在當前場景結束前施展的下一個恢復一個或多個生物HP的咒語將額外恢復10點HP。
A83: ↓自然奇幻↓
A84: 大吃一頓 | B84: 美食家 | C84: 當你使用烹飪技能時,你可以花費1點物語點來將4種食材組合在一起製作一份美食(你因此可以突破3種食材的正常數量限制)。除此之外,製作美食正常遵守其他規則。
A85: 靈氣掌握 | B85: 秘儀師或靈師，並學會光環或屏障咒語 | C85: 在風、電、土、火、冰、光之中選擇一種傷害類型。 當一個你能看見的敵人，對一個或多個受你施放的光環和/或屏障咒語影響的生物造成傷害時，這些生物中的每一個所承受的傷害將減少【你靈媒職業等級的一半】或【你的等級除以 10】（取較高者；此減傷在計算傷害屬性之前適用）。 接著，你可以對該敵人造成等同於【你等級的一半】的所選屬性傷害。如果你這樣做，直到你的下個回合開始前，你不能再次以這種方式造成傷害。
A86: 魔法折射 | B86: 元素師、熵師、祈喚者或徽記師，且必須獲得元素祈喚技能 | C86: 當一個你能看見的敵人施展攻擊性咒語攻擊你時，如果他的施法檢定結果為偶數，你可以立即免費使用元素祈喚技能，且無視MP消耗(在這次攻擊性咒語結算完後進行)；這次元素祈喚不能是「元素詛咒」祈喚，且它只能瞄準該敵人(你不能使用聯結元素技能加持它)。
A87: 荊棘之心 | B87: 暗影之刃或植物學家、且必須獲得植生術技能 | C87: 你對光系傷害和毒系傷害具有抗性。 當你失去HP時，如果你處於危機狀態並且你的花園中存在魔法種子，你可以填滿你的生長命刻的1個刻度。 此外，當你使用暗影突擊技能時，你可以讓你的攻擊造成毒系傷害，而不是暗系傷害（傷害類型仍然無法改變）。如果你這樣做，你的暗影擊額外造成等同於【生長命刻已填滿命刻數×2】的傷害。
A88: 英勇猛擊 | B88: 指揮官、狂怒鬥士、守護者、機師或武器大師 | C88: 當你使用碎骨擊技能時，如果你的攻擊只以單一生物為目標，並且你裝備了盾牌，你可以挑釁該生物直到你下個回合結束。如果該生物被其他人挑釁，或者你挑釁另一個生物，則挑釁也會結束。 被你挑釁的生物必須盡可能將你納入其攻擊和攻擊性咒語（⚡）的目標中；此外，每回合一次（包括其他生物的回合），當你通過自由攻擊使用單手近戰武器或屬於匕首類或劍類的自定義武器對你挑釁的生物造成傷害時，你可以對該生物造成額外5點傷害。
A89: 振作起來 | B89: 魔奏者、靈能者或吟唱者，且必須獲得我相信你技能 | C89: 當你對另一個玩家角色使用我相信你技能時，該角色選擇一個屬性：DEX、INS、MIG或WLP。在當前場景結束前或你再次對其使用我相信你技能前，該角色所選擇的屬性的骰子尺寸+1(最多D12)。
A90: 靈魂嵌合 | B90: 嵌合師或突變體 | C90: 當你施展一個嵌合師咒語時，你將獲得一個基於你當初學習該咒語的生物物種的增益。選擇一個選項：你獲得與該生物物種相關的2種傷害類型的抗性；或當你造成與該生物物種相關的傷害類型時，你造成額外5點傷害。該效果持續到當前場景結束，或持續到你再次施展一個嵌合師咒語。與每個生物物種相關的傷害類型為：野獸(風、冰)，構裝體（土、毒），惡魔（火、冰），元素（風、電），魔獸（電、火），植物（土、光）與不死生物（暗、毒）。
A91: 潔净月光 | B91: 熵師或靈師 | C91: 當你用攻擊性咒語（⚡）命中一個或多個生物時，如果你裝備了奧術類武器，並且你的施法檢定的HR是8或更高，你可以使這些生物不再受當前影響他們的所有持續時間為「場景」的咒語影響。 當你施放一個以一個或多個盟友為目標的咒語時，如果你裝備了奧術類武器，你可以選擇一個異常狀態，包括眩暈、憤怒、中毒、動搖、緩慢和虛弱：如果你這樣做，每個目標都會從所選狀態效果中恢復。
A92: 短瞬間的安息 | B92: 舞者、靈能者、遊蕩者、靈師或徽記師 | C92: 當你施展幻覺或遲鈍咒語（都是靈魂學派）時，你可以同時選擇兩個狀態效果，而不是只能選擇其中一個施加在被命中的目標上。 在衝突場景中，你可以使用一個動作並消耗至多20點MP，每消耗10點MP就能選擇一個你能看見的、受到2種或更多狀態效果的敵人。如果你這麼做了，這些敵人將恢復身上所有的狀態效果，然後損失等同於【你角色等級/2+10×以此方式恢復狀態數】的HP。每有一個敵人因爲這個效果而進入危機狀態或HP降為0，你會恢復20點MP。
A93: 適能施法 | B93: 嵌合師、暗黑之刃、靈能者、狂怒鬥士或旅人 | C93: 當你進行咒語或儀式施法檢定，你可以將其中一個屬性替換為MIG（例如，嵌合學派儀式使用【MIG+MIG】）。只要你裝備的武器的命中公式包含MIG，你可以將武器也視為屬於奧術類，以滿足需要它的技能和效果。
A94: 為了更美好的未來 | B94: 商人，並學會真正的財富和貿易之風技能 | C94: 當你需要花費一點或更多物語點時，如果你花費它們的目的不是為了改變故事（參閱核心規則書，第 98 頁），你可以選擇花費等量的 TP 來代替。描述你的貿易和旅程中哪些回憶賦予你力量！ 此外，當你透過「真正的財富」或「貿易之風」技能獲得兩點或更多 TP 時，你可以選擇只獲得恰好 1 點 TP。如果你這麼做，選擇一個距離你目前位置一天旅行距離內的聚落，並將其繁榮度提高，提高的幅度等於【你在「貿易之風」技能上的SL + 你在「真正的財富」技能上的SL】；一個聚落的繁榮度從 0 開始，沒有上限。 下方圖表顯示你的捐獻對該聚落的繁榮以及其一天旅行距離內任何事物的影響。 10 或更高 當你或你的盟友因任何原因需要支付澤尼特費用時，該費用減半。 15 或更高 人們樂意接待你和你的盟友：在此區域內，你總是可以免費休息，無需花費澤尼特。此外，在此區域內進行的任何旅行擲骰，使用的骰子永遠不會大於 d8。 20 或更高 當此區域內的反派花費終結點時，他們必須花費雙倍的終點。
A95: 高等植生術 | B95: 植物學家 | C95: 每個回合一次，當一個魔法種子離開你的花園時，如果該魔法種子有一個或多個「在你的回合結束時」的效果，你可以花費20點MP。如果你這樣做，複製其中一個效果（你也可以選擇一個不符合你的生長命刻當前格數的效果）。 此外，如果你已獲得青翠之勢技能，你的儀式現在也可以影響和控制屬於植物種族的小兵階級生物（但你仍然無法創造它們）。
... A104: 指點迷津 | B104: 指揮官、博學士或吟唱者 | C104: 當你執行支援檢定且團隊領隊能夠聽見聽懂你說什麼時，你可以使用【INS+INS】、【INS+WLP】或【WLP+WLP】屬性檢定來取代你本來需要進行的支援檢定的屬性類型。 描述一下你是如何為領隊提供意見的呦！ 此外，當你使用「團隊合作」選項（請參閱核心規則書第76頁）在衝突場景中他們的回合中支援另一個玩家角色的檢定，你可以選擇花費10點MP，然後應用以下其中兩個收益： · 領隊恢復20點MP。 · 領隊從眩暈、憤怒和動搖狀態中恢復。 · 當領隊的回合結束時，選擇一個選項：① 用你裝備的武器進行一次自由攻擊；②立即免費執行咒語動作：你這次施展的咒語必須是一個總MP消耗低於等於20的攻擊性咒語(你仍然需要照常花費MP和進行施法檢定)。 · 如果領隊的團隊檢定成功，且這次檢定會填滿或清除一個命刻的部分刻度時，則領隊可以填滿或清除該命刻一個額外的刻度。
A105: ↓24年萬聖↓
A106: 解剖學家 | B106: 狂怒鬥士、博學士、神射手或武器大師，且已習得知識就是力量技能 | C106: 每當你獲得此英雄技能時，在野獸、構裝體、惡魔、元素、魔獸、植物、不死生物中選擇兩個物種。 當你對屬於類人生物物種，或屬於你在此英雄技能中所選物種的生物造成傷害時，你可以選擇一個選項： ①你對該生物造成5點額外傷害； ②或讓該生物處於「踉蹌」狀態直到當前場景結束。當「踉蹌」的生物恢復HP與/或MP時，該生物僅恢復正常情況下一半的量，並不再「踉蹌」。 該英雄技能最多獲得三次。
A107: 奧術獻祭 | B107: 秘儀師或守護者 | C107: 每場景限一次，當你與/或你的一個乃至多個盟友HP降至0時，若你與一個阿爾卡納連結，你可以使其HP保留1。如果你這麼做了，你必須立刻解除此阿爾卡納（不會觸發解除效果），且無法再召喚它，直到當前場景結束。
A108: 殘翼戰術 | B108: 指揮官或守護者 | C108: 衝突中，在一個你能看見的敵人於他的回合中執行命中檢定、或者攻擊性咒語(⚡)的施法檢定之後，你可以給他們的檢定結果提供+3加法。如果你這麼做了，選擇一個選項： ①你以及所有能聽到你的盟友獲得對所有傷害類型的抗性，直到這回合結束； ②或你以及所有能聽到你的盟友造成傷害時額外造成5點傷害，直到這一回合結束。 一旦你使用了這個技能，你就不能再使用它，直到你的下回合開始。
A109: 陰陽流轉 | B109: 舞者、元素師、靈能者或祈喚者 | C109: 當你在一個回合中初次造成暗、土、冰或物理屬性傷害時，你獲得1個陰點。如果你此時還擁有至少1陽點，你造成5額外傷害。 當你在一個回合中初次造成風、電、火或光屬性傷害時，你獲得1陽點。如果你此時還擁有至少1個陰點，你造成5額外傷害。 在你回合結束時，若陰點或陽點某一極有3點及以上，且另一極至少有1點，則你失去所有陰陽點，並根據失去的兩極點數多寡，執行下列效果其中之一。 （若兩極均衡，則執行兩個效果）: ◆陰盛：目前場景的所有敵人失去等同於【你等級的一半】的MP。 ◆陽盛：當前場景中一個你能看見的生物恢復等同於【你的等級】的MP。 你只能在衝突中獲得陰陽點數，並且在每個場景結束時失去所有陰陽點數。
A110: 獵人詭計 | B110: 神射手或武器大師 | C110: 當你在自己的回合中，轉變一把可變形武器的形態時，選擇一個選項： ①若你本回合內未進行任何攻擊，你在本回合內以此武器執行的下一次攻擊造成5點額外傷害； ②或當你在本回合中以此武器的攻擊命中一個或多個生物時，你恢復5點HP和MP。
A111: 大鍋秘方 | B111: 修補匠職業，且必須透過小工具技能獲得最高級煉金術增益 | C111: 當你透過煉金術製作藥水時，可以將目標骰值視為13或17（即使骰子並未顯示這個數值）。
A112: 極刑穿刺 | B112: 指揮官或暗黑之刃，且已習得騎兵衝鋒和暗影突襲技能 | C112: 當你使用暗影突襲技能時，你在這次攻擊結算傷害時可以將HR視為0。如果你這麼做，在暗影突襲的攻擊結算後，你可以立刻無需動作執行騎兵衝鋒技能（仍需支付MP花費）。
A113: 這東西是活著的 | B113: 修補匠或旅人中，且已習得忠實夥伴（構裝體物種）和高瞻遠矚技能 | C113: 你的夥伴對電屬性的傷害親和度變為吸收，且最大HP增加等同於【你的高瞻遠矚SL×2】的量。 當你的夥伴造成傷害時，若它未裝備武器，則造成等同於【你的高瞻遠矚SL】的額外傷害。
A114: 瞭如指掌 | B114: 靈能者、博學士或遊蕩者，且已習得靈魂竊取技能 | C114: 當你成功對一個或多個敵人使用靈魂竊取技能時，你可以選擇其中一個目標。如果你這麼做了，你立刻對該敵人免費執行研究動作：將此次開放檢定的結果與HR視作等同於你靈魂竊取的結果與HR（即不必為這次開放檢定擲骰）。 當你對菁英或冠名等級的敵人造成傷害時，若在該場景中你已竊取該敵人的靈魂寶藏，你對該敵人造成等同於【你的靈魂竊取SL】的額外傷害。
A115: 下界斬擊 | B115: 暗黑之刃、元素師或機師，且已習得暗影突襲技能 | C115: 當你使用暗影突襲技能時，你可以選擇火或冰。如果你這麼做了，這次攻擊造成的所有傷害變成你所選的傷害類型，而非暗屬性。 （一如往常，這次攻擊的傷害類型不能改變），而且你直到下個自己回合開始，獲得對你未選擇的另一個傷害類型的抗性。 當你使用近戰武器，執行暗影突襲技能的自由攻擊時，這次攻擊能選擇那些通常不能被近戰攻擊的目標。
A116: 神符精通 | B116: 秘儀師、商人、徽記師或靈師，且已習得徽記學技能 | C116: 當你在衝突中使用徽記學技能時，可以消耗20MP，以忽略此技能通常情況下的IP消耗。 當你使用近戰武器，執行徽記學技能的自由攻擊時，這次攻擊能選擇那些通常不能被近戰攻擊的目標。
A117: 吞噬魔法 | B117: 嵌合師、熵師、美食家或突變體 | C117: 當你施展驅散（熵系）咒語時，其MP消耗變為“10×T”，且其目標變為“至多3個生物”。 當你使一個或多個敵人不再受到一個或多個持續時間為「場景」的咒語的影響時，選擇一個選項： ①你每以此方式解除一個咒語，你就恢復20MP； ②或者你將所有解除的咒語複製一份，施加到自己身上（如果一個咒語在施展時允許你選擇，你必須維持敵人施展此咒語時選擇不變）。此複製效果不需要動作，MP，施法檢定，也不視為「施展一個咒語」。 （註：「選擇維持不變」是指，例如敵人使用了元素武器，並給自己的武器變成了火屬性，那你複製他的元素武器時是不能自行選擇附魔屬性的，只能使用他所選擇的火屬性）
... A119: 蠱惑之聲 | B119: 魔奏者或吟唱者 | C119: （註：某種嘲諷）當你唱出縈繞曲風，或譴責技能的對抗檢定通過之後，你可以選擇其中一個被曲風或技能影響的其中一個目標。如果你這麼做了，選擇該敵人受到的一個狀態效果，該敵人處於『蠱惑』狀態。 一個被你蠱惑的生物必須盡可能將你納入它的攻擊和​​攻擊性咒語(⚡)的目標中。當你的下回合開始，或它從所選擇的狀態效果中恢復時，它便解除蠱惑。

Sheet 英雄技能
D1: 英雄技能
E5: 請選擇已精通的職業。
E6: （精通為職業技能達到最大LV 10）
E7: 祈喚者 | H7: - | K7: - | N7: - | Q7: - | T7: - | W7: -
A9: -英雄技能- | E9: 英雄技能 | H9: 學習要求 | N9: 效果
A10: =E10 -> 魔法折射 | C10: =N10 -> 當一個你能看見的敵人施展攻擊性咒語攻擊你時，如果他的施法檢定結果為偶數，你可以立即免費使用元素祈喚技能，且無視MP消耗(在這次攻擊性咒語結算完後進行)；這次元素祈喚不能是「元素詛咒」祈喚，且它只能瞄準該敵人(你不能使用聯結元素技能加持它)。 | E10: =IFERROR(__xludf.DUMMYFUNCTION("VSTACK( IFERROR(FILTER('英雄技能列表'!A:A, ISNUMBER(SEARCH(E7, '英雄技能列表'!$B:$B))), "" ""), IFERROR(FILTER('英雄技能列表'!A:A, ISNUMBER(SEARCH(H7, '英雄技能列表'!$B:$B))), "" ""), IFERROR(FILTER('英雄技能列表'!A:A, ISNUMBER(SEARCH(K7, '英雄技能列表'!$B:$B))), "" ""), IFERROR(FILTER('英雄技"&"能列表'!A:A, ISNUMBER(SEARCH(N7, '英雄技能列表'!$B:$B))), "" ""), IFERROR(FILTER('英雄技能列表'!A:A, ISNUMBER(SEARCH(Q7, '英雄技能列表'!$B:$B))), "" ""), IFERROR(FILTER('英雄技能列表'!A:A, ISNUMBER(SEARCH(T7, '英雄技能列表'!$B:$B))), "" ""), IFERROR(FILTER('英雄技能列表'!A:A, ISNUMBER(SEARCH(W"&"7, '英雄技能列表'!$B:$B))), "" ""))"),"魔法折射") -> 魔法折射 | H10: =IFERROR(__xludf.DUMMYFUNCTION("VSTACK( IFERROR(FILTER('英雄技能列表'!B:B, ISNUMBER(SEARCH(E7, '英雄技能列表'!$B:$B))), "" ""), IFERROR(FILTER('英雄技能列表'!B:B, ISNUMBER(SEARCH(H7, '英雄技能列表'!$B:$B))), "" ""), IFERROR(FILTER('英雄技能列表'!B:B, ISNUMBER(SEARCH(K7, '英雄技能列表'!$B:$B))), "" ""), IFERROR(FILTER('英雄技"&"能列表'!B:B, ISNUMBER(SEARCH(N7, '英雄技能列表'!$B:$B))), "" ""), IFERROR(FILTER('英雄技能列表'!B:B, ISNUMBER(SEARCH(Q7, '英雄技能列表'!$B:$B))), "" ""), IFERROR(FILTER('英雄技能列表'!B:B, ISNUMBER(SEARCH(T7, '英雄技能列表'!$B:$B))), "" ""), IFERROR(FILTER('英雄技能列表'!B:B, ISNUMBER(SEARCH(W"&"7, '英雄技能列表'!$B:$B))), "" ""))"),"元素師、熵師、祈喚者或徽記師，且必須獲得元素祈喚技能") -> 元素師、熵師、祈喚者或徽記師，且必須獲得元素祈喚技能 | N10: =IFERROR(__xludf.DUMMYFUNCTION("VSTACK( IFERROR(FILTER('英雄技能列表'!C:C, ISNUMBER(SEARCH(E7, '英雄技能列表'!$B:$B))), "" ""), IFERROR(FILTER('英雄技能列表'!C:C, ISNUMBER(SEARCH(H7, '英雄技能列表'!$B:$B))), "" ""), IFERROR(FILTER('英雄技能列表'!C:C, ISNUMBER(SEARCH(K7, '英雄技能列表'!$B:$B))), "" ""), IFERROR(FILTER('英雄技"&"能列表'!C:C, ISNUMBER(SEARCH(N7, '英雄技能列表'!$B:$B))), "" ""), IFERROR(FILTER('英雄技能列表'!C:C, ISNUMBER(SEARCH(Q7, '英雄技能列表'!$B:$B))), "" ""), IFERROR(FILTER('英雄技能列表'!C:C, ISNUMBER(SEARCH(T7, '英雄技能列表'!$B:$B))), "" ""), IFERROR(FILTER('英雄技能列表'!C:C, ISNUMBER(SEARCH(W"&"7, '英雄技能列表'!$B:$B))), "" ""))"),"當一個你能看見的敵人施展攻擊性咒語攻擊你時，如果他的施法檢定結果為偶數，你可以立即免費使用元素祈喚技能，且無視MP消耗(在這次攻擊性咒語結算完後進行)；這次元素祈喚不能是「元素詛咒」祈喚，且它只能瞄準該敵人(你不能使用聯結元素技能加持它)。") -> 當一個你能看見的敵人施展攻擊性咒語攻擊你時，如果他的施法檢定結果為偶數，你可以立即免費使用元素祈喚技能，且無視MP消耗(在這次攻擊性咒語結算完後進行)；這次元素祈喚不能是「元素詛咒」祈喚，且它只能瞄準該敵人(你不能使用聯結元素技能加持它)。 | AX10: -
A11: =E11 -> 內蘊源泉 | C11: =N11 -> 當你獲得這個英雄技能，或每當你進行休息後，你可以選擇一種元素來源：風土火電或冰。直到你再次休息，你都將獲得以下增益： · 在每個場景中你都可以一直調用你所選的元素源泉，這不會佔用你在本場景中原本可以調用的元素源泉數量。 · 你可以操控該屬性，施展效果屬於元素學派的儀式。 · 你獲得你所選擇的元素來源對應的傷害類型的傷害抗性。 · 當你造成傷害時，你可以將所有傷害轉換為你所選擇的元素來源對應的傷害類型。如果你這樣做了，這些傷害會無視傷害抗性。 | E11: =IFERROR(__xludf.DUMMYFUNCTION("""COMPUTED_VALUE"""),"內蘊源泉") -> 內蘊源泉 | H11: =IFERROR(__xludf.DUMMYFUNCTION("""COMPUTED_VALUE"""),"祈喚者") -> 祈喚者 | N11: =IFERROR(__xludf.DUMMYFUNCTION("""COMPUTED_VALUE"""),"當你獲得這個英雄技能，或每當你進行休息後，你可以選擇一種元素來源：風土火電或冰。直到你再次休息，你都將獲得以下增益： · 在每個場景中你都可以一直調用你所選的元素源泉，這不會佔用你在本場景中原本可以調用的元素源泉數量。 · 你可以操控該屬性，施展效果屬於元素學派的儀式。 · 你獲得你所選擇的元素來源對應的傷害類型的傷害抗性。 · 當你造成傷害時，你可以將所有傷害轉換為你所選擇的元素來源對應的傷害類型。如果你這樣做了，這些傷害會無視傷害抗性。") -> 當你獲得這個英雄技能，或每當你進行休息後，你可以選擇一種元素來源：風土火電或冰。直到你再次休息，你都將獲得以下增益： · 在每個場景中你都可以一直調用你所選的元素源泉，這不會佔用你在本場景中原本可以調用的元素源泉數量。 · 你可以操控該屬性，施展效果屬於元素學派的儀式。 · 你獲得你所選擇的元素來源對應的傷害類型的傷害抗性。 · 當你造成傷害時，你可以將所有傷害轉換為你所選擇的元素來源對應的傷害類型。如果你這樣做了，這些傷害會無視傷害抗性。 | AX11: 通用
A12: =E12 -> 五行源泉之力 | C12: =N12 -> 每當你在衝突場景中使用一次元素祈喚後，你和你能看見的一個盟友的一個屬性骰尺寸+1(至多到d12)。這個效果持續到你下一回合結束或直到你再次使用這個技能，並且提升的屬性類型取決於你使用的元素源泉種類：風之源泉(INS)，土之源泉(由你自選)，火之源泉(DEX)，電之源泉(MIG)，或者冰之源泉(WLP)。 | E12: =IFERROR(__xludf.DUMMYFUNCTION("""COMPUTED_VALUE"""),"五行源泉之力") -> 五行源泉之力 | H12: =IFERROR(__xludf.DUMMYFUNCTION("""COMPUTED_VALUE"""),"祈喚者") -> 祈喚者 | N12: =IFERROR(__xludf.DUMMYFUNCTION("""COMPUTED_VALUE"""),"每當你在衝突場景中使用一次元素祈喚後，你和你能看見的一個盟友的一個屬性骰尺寸+1(至多到d12)。這個效果持續到你下一回合結束或直到你再次使用這個技能，並且提升的屬性類型取決於你使用的元素源泉種類：風之源泉(INS)，土之源泉(由你自選)，火之源泉(DEX)，電之源泉(MIG)，或者冰之源泉(WLP)。") -> 每當你在衝突場景中使用一次元素祈喚後，你和你能看見的一個盟友的一個屬性骰尺寸+1(至多到d12)。這個效果持續到你下一回合結束或直到你再次使用這個技能，並且提升的屬性類型取決於你使用的元素源泉種類：風之源泉(INS)，土之源泉(由你自選)，火之源泉(DEX)，電之源泉(MIG)，或者冰之源泉(WLP)。 | AX12: 秘儀師
A13: =E13 -> 陰陽流轉 | C13: =N13 -> 當你在一個回合中初次造成暗、土、冰或物理屬性傷害時，你獲得1個陰點。如果你此時還擁有至少1陽點，你造成5額外傷害。 當你在一個回合中初次造成風、電、火或光屬性傷害時，你獲得1陽點。如果你此時還擁有至少1個陰點，你造成5額外傷害。 在你回合結束時，若陰點或陽點某一極有3點及以上，且另一極至少有1點，則你失去所有陰陽點，並根據失去的兩極點數多寡，執行下列效果其中之一。 （若兩極均衡，則執行兩個效果）: ◆陰盛：目前場景的所有敵人失去等同於【你等級的一半】的MP。 ◆陽盛：當前場景中一個你能看見的生物恢復等同於【你的等級】的MP。 你只能在衝突中獲得陰陽點數，並且在每個場景結束時失去所有陰陽點數。 | E13: =IFERROR(__xludf.DUMMYFUNCTION("""COMPUTED_VALUE"""),"陰陽流轉") -> 陰陽流轉 | H13: =IFERROR(__xludf.DUMMYFUNCTION("""COMPUTED_VALUE"""),"舞者、元素師、靈能者或祈喚者") -> 舞者、元素師、靈能者或祈喚者 | N13: =IFERROR(__xludf.DUMMYFUNCTION("""COMPUTED_VALUE"""),"當你在一個回合中初次造成暗、土、冰或物理屬性傷害時，你獲得1個陰點。如果你此時還擁有至少1陽點，你造成5額外傷害。 當你在一個回合中初次造成風、電、火或光屬性傷害時，你獲得1陽點。如果你此時還擁有至少1個陰點，你造成5額外傷害。 在你回合結束時，若陰點或陽點某一極有3點及以上，且另一極至少有1點，則你失去所有陰陽點，並根據失去的兩極點數多寡，執行下列效果其中之一。 （若兩極均衡，則執行兩個效果）: ◆陰盛：目前場景的所有敵人失去等同於【你等級的一半】的MP。 ◆陽盛：當前場景中一個你能看見的生物恢復等同於"&"【你的等級】的MP。 你只能在衝突中獲得陰陽點數，並且在每個場景結束時失去所有陰陽點數。") -> 當你在一個回合中初次造成暗、土、冰或物理屬性傷害時，你獲得1個陰點。如果你此時還擁有至少1陽點，你造成5額外傷害。 當你在一個回合中初次造成風、電、火或光屬性傷害時，你獲得1陽點。如果你此時還擁有至少1個陰點，你造成5額外傷害。 在你回合結束時，若陰點或陽點某一極有3點及以上，且另一極至少有1點，則你失去所有陰陽點，並根據失去的兩極點數多寡，執行下列效果其中之一。 （若兩極均衡，則執行兩個效果）: ◆陰盛：目前場景的所有敵人失去等同於【你等級的一半】的MP。 ◆陽盛：當前場景中一個你能看見的生物恢復等同於【你的等級】的MP。 你只能在衝突中獲得陰陽點數，並且在每個場景結束時失去所有陰陽點數。 | AX13: 嵌合師
A14: =E14 | C14: =N14 | E14: =IFERROR(__xludf.DUMMYFUNCTION("""COMPUTED_VALUE""")," ") | H14: =IFERROR(__xludf.DUMMYFUNCTION("""COMPUTED_VALUE""")," ") | N14: =IFERROR(__xludf.DUMMYFUNCTION("""COMPUTED_VALUE""")," ") | AX14: 暗黑之刃
A15: =E15 | C15: =N15 | E15: =IFERROR(__xludf.DUMMYFUNCTION("""COMPUTED_VALUE""")," ") | H15: =IFERROR(__xludf.DUMMYFUNCTION("""COMPUTED_VALUE""")," ") | N15: =IFERROR(__xludf.DUMMYFUNCTION("""COMPUTED_VALUE""")," ") | AX15: 元素師
A16: =E16 | C16: =N16 | E16: =IFERROR(__xludf.DUMMYFUNCTION("""COMPUTED_VALUE""")," ") | H16: =IFERROR(__xludf.DUMMYFUNCTION("""COMPUTED_VALUE""")," ") | N16: =IFERROR(__xludf.DUMMYFUNCTION("""COMPUTED_VALUE""")," ") | AX16: 熵師
A17: =E17 | C17: =N17 | E17: =IFERROR(__xludf.DUMMYFUNCTION("""COMPUTED_VALUE""")," ") | H17: =IFERROR(__xludf.DUMMYFUNCTION("""COMPUTED_VALUE""")," ") | N17: =IFERROR(__xludf.DUMMYFUNCTION("""COMPUTED_VALUE""")," ") | AX17: 狂怒鬥士
A18: =E18 | C18: =N18 | E18: =IFERROR(__xludf.DUMMYFUNCTION("""COMPUTED_VALUE""")," ") | H18: =IFERROR(__xludf.DUMMYFUNCTION("""COMPUTED_VALUE""")," ") | N18: =IFERROR(__xludf.DUMMYFUNCTION("""COMPUTED_VALUE""")," ") | AX18: 守護者
A19: =E19 | C19: =N19 | E19: =IFERROR(__xludf.DUMMYFUNCTION("""COMPUTED_VALUE""")," ") | H19: =IFERROR(__xludf.DUMMYFUNCTION("""COMPUTED_VALUE""")," ") | N19: =IFERROR(__xludf.DUMMYFUNCTION("""COMPUTED_VALUE""")," ") | AX19: 博學士
A20: =E20 | C20: =N20 | AX20: 吟唱者
A21: =E21 | C21: =N21 | AX21: 遊蕩者
A22: =E22 | C22: =N22 | AX22: 神射手
A23: =E23 | C23: =N23 | AX23: 靈師
A24: =E24 | C24: =N24 | AX24: 修補匠
A25: =E25 | C25: =N25 | AX25: 旅人
A26: =E26 | C26: =N26 | AX26: 武器大師
A27: =E27 | C27: =N27
A28: =E28 | C28: =N28 | AX28: 死靈術士
A29: =E29 | C29: =N29
A30: =E30 | C30: =N30 | AX30: 徽記師
A31: =E31 | C31: =N31 | AX31: 魔奏者
A32: =E32 | C32: =N32 | AX32: 舞者
A33: =E33 | C33: =N33 | AX33: 指揮官
A34: =E34 | C34: =N34
A35: =E35 | C35: =N35 | AX35: 機師
A36: =E36 | C36: =N36 | AX36: 靈能者
A37: =E37 | C37: =N37 | AX37: 突變體
A38: =E38 | C38: =N38
A39: =E39 | C39: =N39 | AX39: 美食家
A40: =E40 | C40: =N40 | AX40: 祈喚者
A41: =E41 | C41: =N41 | AX41: 商人
A42: =E42 | C42: =N42 | AX42: 植物學家
A43: =E43 | C43: =N43
A44: =E44 | C44: =N44
A45: =E45 | C45: =N45
A46: =E46 | C46: =N46
A47: =E47 | C47: =N47
A48: =E48 | C48: =N48
A49: =E49 | C49: =N49
A50: =E50 | C50: =N50
A51: =E51 | C51: =N51
A52: =E52 | C52: =N52
A53: =E53 | C53: =N53
A54: =E54 | C54: =N54
... A165: =E165 | C165: =N165
C166: =N166
C167: =N167
C168: =N168
C169: =N169
C170: =N170
C171: =N171
C172: =N172
C173: =N173
C174: =N174
C175: =N175
C176: =N176
C177: =N177
... C385: =N385

Sheet 金手指
A1: 名稱 | B1: 人設提示 | C1: 描述
A2: 無 | B2: 無 | C2: 無
A3: ↓高度奇幻類↓ | B3: - | C3: -
A4: 草木成精（高奇） | B4: 你是一種有認知能力的植物生物，且具有人類等級智慧。你是屬於魔法實驗的結果？還是屬於某一特殊的生物？你喜歡特定種類的植物、花卉或樹木嗎？你與其他植物物種生物，以及世界上的樹木和森林有關係嗎？ | C4: 選擇一種狀態：眩暈、憤怒或動搖狀態。你免疫所選擇的狀態。但是，你也會獲得你所選擇的一項傷害易傷：風、電、土、火或冰屬性。 你也可以學習一項NPC咒語（可見於《核心規則》第310~311頁；你不能選擇「毀蕩」咒語；如果需要進行施法檢定，請使用【INS+WLP】），請根據需要來自訂該咒語（名稱、傷害類型、狀態效果等）。當你在陽光下施展該咒語時，其總MP消耗量將減少5點（最低為0MP）。
A5: 被詛咒之人（高奇） | B5: 你承受著一個奇怪的詛咒。它會表現出哪些超自然的效果？你是如何被詛咒的？這是你運氣不好，還是對你所做的某件事的懲罰？如何解除詛咒？ | C5: 當你獲得這個金手指時，描述你的詛咒的性質，並將其與你所在世界中存在的威脅之一聯繫起來。一旦這項威脅得到解決，你終於將獲得機會來擺脫詛咒——請描述你在你的打算中這會如何發展。 例如：你使用武器時常常會打空；你的存在會引起人們的恐懼感；你的魔法常常會引發各種意外結果；你伸手範圍內的生物會感到全身劇痛等等。 當你要進行一次檢定時，你可以描述你的詛咒是如何阻礙你的，並自動獲得這次檢定的大失敗（這2個骰子都被視為你骰出了1點）。如果你這樣做了，你將獲得2個物語點而不是1個，並且可以使用一個機會。 當你成功打破詛咒時，你立即獲得一個你所選擇的英雄技能（你甚至可以選擇你不符合前提要求的英雄技能，除非這個前提要求包含了你沒有的技能）。你因此可以選擇你沒有的職業的英雄技能。
A6: 元素之魂（高奇） | B6: 你深深融入了自然元素的力量。你是一個元素生物的子嗣？還是你與某種精神體進行了融合？誰會試圖利用你的特殊本性？誰怕你？ | C6: 你選擇一項傷害類型並獲得對應的抗性：風、電、土、火或冰屬性；此外，當你造成傷害時，你可以選擇將其傷害類型改為你之前選擇的傷害類型。但是，你也會獲得這5種傷害類型中另一項你所選擇的傷害類型的易傷。你也可以獲得施展效果屬於元素學派的儀式的能力，但前提是這些儀式是操控你所選擇的元素。
A7: 空手道 | B7: 你已經放棄了武器的使用，而只依靠你的雙手和雙腳。你發展這種戰鬥風格是處於必要還是處於選擇權？是因為你那可怕的身體構造嗎？還是說你的刀劍在過去已經奪走了太多人的生命？ | C7: 你的徒手攻擊造成6點額外傷害。如果你達到30級或更高，這個數值會提升至10點額外傷害。此外，當你沒有裝備武器和盾牌（除了徒手攻擊）時，你會獲得物防+1和魔防+1的加值。
A8: 被束縛的心 | B8: 你遵守某個人或組織的戒律已經很久了,以至於你之前的整個生活都建立在此基礎上.然而,現在你開始從另一個（陰暗的、客觀的、革新的的或跨越階級的）視角來審視這些規則，你的內心出現了動搖。你第一次開始懷疑它們是在什麼時候？ | C8: 只有當你的角色主題是懷疑時，你才能獲得這個金手指，只要你擁有這個金手指，你的角色主題就不能被任何方式改變。 當你獲得這個金手指時，你與那個塑造你的一個NPC或組織建立起一個羈絆。這個羈絆初始擁有3種情緒，只要你擁有這個金手指，那麼這個羈絆就不會因為任何方式失去或消除（你仍然可以在休息時改變羈絆的情緒）。此外，為這個NPC或組織創造他們至關重要的3條戒律commandments：每一條戒律都必須是你必須做到的事情，或者是你絕對不能做的事情。 例如：龍王（永遠服從龍族，永遠不顯露出軟弱，永遠不熄滅火焰）；蒼白教會（永遠忠誠於信仰；永遠不要懷疑牧師；永遠不要聽惡魔說什麼） 當你在每個場景中第一次違反戒律時，你會立即受到動搖和虛弱狀態效果，並失去當前一半的HP和MP（向下取整）的懲罰，但也會獲得2點物語點。 如果你在休息場景中違反了戒律，你將在休息結束並得到恢復之後再受到懲罰效果；如果你在同一場景中多次違反戒律，懲罰和物語點不會重複獲得。 當你累積違反了6次戒律之後，你再違反戒律時將忽略受到的懲罰，除非它發生在一個遵循或體現你的戒律的反派面前。 如果你不確定某個情況是否符合此金手指的標準，那麼你總是擁有最終解釋權。不過請你盡可能真誠誠實地做出決定。 在第7次違反戒律時，你將失去這個金手指，並將角色主題改為以下主題之一：歸屬、罪惡感、正義或復仇。然後，你立即獲得一個你的職業可以獲得的英雄技能（你甚至可以選擇一個你不滿足前提要求的英雄技能，除非其中包含你沒學會的技能）；最後，你恢復所有的HP和MP和所有狀態。從此以後，你所有的羈絆的強度+1。 （例如，一個有著3種情緒的羈絆將視為強度4）。
A9: 飛行（高奇） | B9: 你屬於一種具有飛行或懸浮能力的類人生物的遺孤。你的這項能力是如何運作的？它是一種神奇的能力，還是你長有翅膀？這項特殊能力是如何影響本國人民的歷史和社會的？人們通常對你有​​什麼反應？ | C9: 你獲得飛行能力。除了在機動性方面的明顯優勢外，你的近戰攻擊可以瞄準飛行生物，並且除非攻擊者正在飛行或以某種特殊方式能夠攻擊到飛行目標，否則你不能被近戰攻擊瞄準。 當處於危機狀態或無法自由飛行時（例如，當你位於為人類大小的生物設計的載具內或狹窄的走廊內），你將失去此金手指提供的好處。此外，當你在衝突場景中受到風、電、或冰屬性傷害時，你將失去此金手指提供的好處，直到你下一回合開始。
A10: 來自遙遠的世界（高奇） | B10: 你在這裡的存在是一種異常，是命運編織中一個意想不到的結：這片土地的規則有時無法約束你。你是來自於不同的星球？還是來自不同的時代？你是以何種方式到來的，又是什麼時候到來的？你認為你還有機會回去嗎？如果可以的話，你會這樣做嗎？你受到了什麼可怕的威脅嗎？ | C10: 當你參與衝突場景時，你立即自動獲得1點物語點。 此外，當你大失敗時你可以立即進行一次觸發特質來進行重骰檢定結果（如果你這樣做了，你就不會因為這次大失敗而獲得物語點）
A11: 光榮的命運 | B11: 你被一個神奇的預言縈繞，一個對美好世界充滿希望的預言。那個預言是由誰說出來或寫出來的？你是選擇擁抱命運，還是被命運的重擔壓垮？是否有人在你的內心種下了懷疑的種子？ | C11: 當你獲得這個金手指時，寫下這則有關於你的預言。請與團隊中的其他成員進行討論，並將其與你的世界中已有的威脅或突發事件聯繫起來，並描述什麼跡像或徵兆將你標記為預言中的那位「命定之人\預言之子」。 例如：“戴紅寶石項鍊的男孩將把水帶回荒蕪平原”，或“帶有烙印之人將殺死混沌魔龍”。 在每個章節結束時（通常為1次4小時的聚會），在分配XP之前，請認真和仔細地思考在本章節中發生的事件，並從以下5個選項中選擇一項，但記得多和團隊中的其他成員進行交流總是好事： ·你已經實現了預言：你失去這個金手指，恢復全部的HP、MP和狀態，並立即獲得一個你的職業可以獲得的英雄技能（你甚至可以選擇一個你不滿足前提要求的英雄技能，除非其中包含你沒學會的技能）。 ·你的行為符合預言：恢復全部的HP、MP和狀態。 ·你的行為既不符合也不違背預言：無事發生。 ·你違背了預言：獲得1點物語點。 ·你打破了預言：你失去這個金手指，獲得6點物語點，並立即獲得一個你的職業可以獲得的英雄技能（你甚至可以選擇一個你不滿足前提要求的英雄技能，除非其中包含你沒學會的技能）。 一旦你選擇了第一個或最後一個選項，預言在你的世界中的作用就結束了。即使在遊戲後期出現了與預言相符合的情況，但這個金手指的效果也不復存在了：你可以自由決定自己的命運，並根據自己內心的道德準則來行動。又或者你一直都是這樣的人？
A12: 傳家寶 | B12: 你擁有一件或多件獨特的裝備。這些東西是你的家族傳承下來的？還是某個你珍惜之人送給你的禮物？這些東西上有什麼奇怪或危險的傳說或謠言嗎？有誰會不擇手段地想要從你手中奪走它們嗎？ | C12: 你獲得1件價值在1200zenit或更低的稀有物品，或2件價值在800zenit的稀有物品。你可以從稀有物品範例表中直接選擇合適的物品，也可以與團隊中的其他成員一起來設計這些物品。 每個章節結束時（通常為1次4小時的聚會），GM可能會給你1點物語點，來應對由於你攜帶的物品的獨特性質而突然出現的複雜情況（例如有人對你發出決鬥或出現某些被其魔法吸引來的怪物）。未經玩家同意，透過此金手指獲得的物品不能被銷毀、損壞、遺失或被竊。
... A61: (不太)忠誠的僕人 | B61: 你是另一個角色的左膀右臂。 ta可能命中註定要成就一番大事，但現在急需你的幫助，又或者ta對常識一無所知，需要一個打點日常事務的助手。是怎樣的承諾、債務，或是誓言在束縛你，讓你為ta效力？你是用怎樣的態度看待ta的？你認為ta最大的缺點是什麼？你有沒有想過，自己才是應該站在聚光燈下的人？你為ta保守了什麼秘密嗎？ | C61: 當你獲得此金手指時，選擇另一個玩家角色：該角色成為你的主人。你們兩個對彼此創造一個羈絆；你的羈絆在忠誠和懷疑中選擇一個情緒，你主人對你的羈絆在讚賞、自卑或懷疑中選擇一個情緒。 [請確保控制你主人角色的玩家同意你們之間的關係，且這種關係貼合你所想要探索的，有關此金手指的情節發展。 ] 當你的主人執行一次檢定時，如果你在同一場景，你可以選擇提供幫助：你將會使用團體檢定（見核心規則書，p50）的規則，但你的支援檢定自動成功（註：即你可以讓你主人的檢定自動+1）。如果你在衝突場景中這麼做，你不會因此在本輪中失去自己的回合。 （因此你可以忽略團隊合作的限制，請參閱核心規則書，p76）。 如果你的主人接受你的幫助，你獲得1依賴點。 每章節限一次（通常為一次4小時的聚會），在結算XP之前，擲2d20。若擲骰結果等於或低於你目前的角色等級，你獲得1依賴點數。隨後，如果你擁有20以上的依賴點，在以下選項中選擇一個： ◆挑戰：現在是時候讓你的主人接受考驗了。與控制你主人的玩家一同，敘述一場決鬥、一次挑戰或類似的某種比賽，你的主人必須藉此證明自己不需要你的幫助，並且贏過你。然後，你失去此金手指，並獲得一個你所選擇的英雄技能（你甚至可以選擇你不符合前提要求的英雄技能，除非這個前提要求包含了你沒有的技能）。你因此可以選擇你沒有的職業的英雄技能。 ◆背叛：至暗之時已到，你在陰影中展現出自己的本性。與控制你主人的玩家一同，敘述你的背叛，並一致同意得到一個恰當的後果（比如失去一件重要物品，一個恐怖敵人的複蘇，或者你主人的主題因此改變）。然後，你的玩家角色成為一個次要反派或主要反派（由GM選擇），並且你創造一個新角色。

Sheet 植物學家相關
A1: 花園
A2: 當你種下一顆魔法種子時，它會在你的花園中扎根，直到被移除。你的花園是一個抽象空間，其外觀隨你角色的造型而異：它可能是背上的一個花盆、劍身上的一個凹槽，甚至是腳下的地面。你的花園一次只能容納一顆魔法種子，且任何位於你花園中的魔法種子都會在每個場景結束時自動移除。
A5: 生長命刻
A6: 當你獲得魔法種子傳記技能時，你也會獲得一個生長命刻，它僅在衝突場景中出現，並代表你花園中的生命週期。
A7: - 你的生長命刻有4個刻度，且每個場景開始時都是空的。
A8: - 在你的回合結束時，如果你的花園中有一顆魔法種子，填充你的生長命刻的1個刻度；接著，如果你的花園中仍然有一顆魔法種子且該魔法種子擁有「在你的回合結束時」的效果（見下文），則應用該效果。
A9: - 當你填滿你的生長命刻的第4個刻度時，移除你花園中的魔法種子，然後清除你的生長命刻的所有刻度。
A10: - 你的生長命刻區段不可被填滿或清除，除非是透過上述方式、透過荊棘之心與綠拇指英雄技能，或透過明確影響生長命刻的效果。
A12: 魔法種子效果
A13: - 魔法種子可以擁有被動效果，或擁有在你的回合結束時、你的生長命刻增加之後觸發的效果。
A14: - 魔法種子的效果僅在它位於你的花園中時適用，且效果隨你的生長命刻當前填滿的區段數量而異。
A15: - 你只應用對應於你的生長命刻中當前填滿區段確切數量的效果，而非其上方或下方的任何效果。
... A19: 你們的團隊也可以合作創造新的魔法種子，且GM可以選擇將它們包含在獎勵中，獨立於你在魔法種子傳記的投入之外獲得。每顆魔法種子價值約1000z；盡力保持這些新魔法種子的強度與標準列表中的相當。
A20: 名稱 | B20: 描述 | C20: 命刻刻度 | D20: 效果
A21: 極地水仙 | B21: 它頑強地生存在冰封之地。 | C21: 0-1 | D21: 你對土屬性和冰屬性傷害具有抗性。
C22: 45691 | D22: 你和場景中你可見的盟友對土屬性和冰屬性傷害具有抗性。
A23: 熾焰菊 | B23: 它厚實的葉瓣酷似一座噴發的火山。 | C23: 45660 | D23: 在你的回合結束時，選擇土屬性或火屬性。直到你再次使用此效果，或此魔法種子不再存在於你的花園中，你和場景中所有盟友造成的所有傷害都變為所選類型，其類型無法改變，且無視抗性。
A24: 沙漠大麗花 | B24: 一種頑強的植物，它不畏懼沙丘的乾燥。 | C24: 0-1 | D24: 你對風屬性和火屬性傷害具有抗性。
C25: 45691 | D25: 你和場景中你可見的盟友對風屬性和火屬性傷害具有抗性。
A26: 黃金銀杏 | B26: 它色彩鮮豔的葉子代表著堅韌。 | C26: 1 | D26: 在你的回合結束時，你和場景中你可見的每個盟友恢復眩暈、憤怒和動搖狀態。
C27: 45691 | D27: 在你的回合結束時，你和場景中你可見的每個盟友恢復等同於【5+你在植生術中SL】的MP。
A28: 墓地阿福花 | B28: 莊嚴而優雅，它像徵著死亡的必然性。 | C28: 1 | D28: 在你的回合結束時，你可以選擇一個你可見的敵人。如果你這樣做，該敵人承受動搖。
C29: 2 | D29: 在你的回合結束時，場景中你可見的每個敵人都承受動搖。
C30: 3 | D30: 在你的回合結束時，你對場景中你可見的每個處於動搖狀態的敵人造成等同於【15+你在植生術中SL】的暗屬性傷害。
A31: 隱士鳶尾 | B31: 它的葉子承載著古老知識的低語。 | C31: 1 | D31: 在你的回合結束時，選擇一個你可見的敵人。遊戲主持人揭示其等級、階級、物種、最大HP、最大MP、特質、屬性、物防和魔防。
C32: 45691 | D32: 在你的回合結束時，選擇一個你可見的敵人。遊戲主持人揭示其等級、階級、物種、最大HP、最大MP、特質、屬性、物防、魔防和相性。
A33: 鉤葉顛茄 | B33: 它紫色的漿果含有致命的魔法毒液。 | C33: 0-1 | D33: 你造成的所有傷害變成毒屬性，其類型無法改變，並無視免疫和抗性。你造成的所有傷害變成毒屬性，其類型無法改變，並無視免疫和抗性。
C34: 45691 | D34: 你造成的所有傷害變成毒屬性，其類型無法改變，並無視免疫和抗性。此外，當你在你的回合內首次造成毒屬性傷害時，你額外造成等同於【你的植生術SL】的傷害，且每個因此失去HP的生物陷入中毒狀態。
A35: 角狀山楂 | B35: 因其淨化特性而受到女巫和外科醫生青睞。 | C35: 0-1 | D35: 你對暗屬性和毒屬性傷害具有抗性。
C36: 45691 | D36: 你和場景中你可見的盟友對暗屬性和毒屬性傷害具有抗性。
A37: 月光玉蘭 | B37: 它在夜晚最黑暗的時分綻放。 | C37: 45660 | D37: 在你的回合結束時，選擇冰屬性或光屬性。直到你再次使用此效果或此魔法種子不再存在於你的花園中，你和場景中所有盟友造成的傷害都變為所選類型，其類型無法改變，並且無視抗性。
A38: 海洋蓮花 | B38: 寧靜與智慧的優雅象徵。 | C38: 0-1 | D38: 你免疫眩暈和緩慢。
C39: 2 | D39: 你將你的DEX和INS視為高一個骰子等級（最高為d12）。
C40: 3 | D40: 你和場景中可見的每個盟友將你的DEX和INS視為高一個骰子等級（最高為d12）。
A41: 朝聖者羚羊花 | B41: 它艷麗的花冠象徵著豐饒。 | C41: 45659 | D41: 在你的回合結束時，選擇你自己或另一個你可見的玩家角色。所選角色恢復2 IP。
C42: 3 | D42: 在你的回合結束時，你和場景中你可見的每個其他玩家角色恢復1 IP。
A43: 蒲公英之舞 | B43: 活力與生機的象徵，它透過暴風傳播種子。 | C43: 45660 | D43: 在你的回合結束時，選擇風屬性或電屬性。直到你再次使用此效果或此魔法種子不再存在於你的花園中，你和場景中所有盟友造成的傷害都變為所選類型，其類型無法改變，並且無視抗性。
A44: 王者帝王花 | B44: 一種色彩繽紛、頑強不屈的花朵，深受古老王朝的青睞。 | C44: 0-1 | D44: 你免疫動搖和虛弱。
C45: 2 | D45: 你將你的MIG和WLP視為高一個骰子等級（最高為d12）。
C46: 3 | D46: 你和場景中你可見的每個盟友將你的MIG和WLP視為高一個骰子等級（最高為d12）。
A47: 治療百合 | B47: 它優雅的花朵能過濾並淨化精神能量。 | C47: 1 | D47: 在你的回合結束時，你和場景中你可見的每個盟友恢復中毒、緩慢和虛弱狀態。
C48: 45691 | D48: 在你的回合結束時，你和場景中你可見的每個盟友恢復等同於【15+你的植生術SL】的HP。
A49: 鋸齒玫瑰 | B49: 它的荊棘形成一片同樣令人驚嘆又危險的纏結。 | C49: 1 | D49: 在你的回合結束時，你可以選擇一個你可見的敵人。如果你這樣做，該敵人陷入緩慢狀態。
C50: 2 | D50: 在你的回合結束時，場景中你可見的每個敵人都陷入緩慢狀態。
C51: 3 | D51: 在你的回合結束時，你對場景中你可見的每個處於緩慢狀態的敵人造成等同於【15+你的植生術SL】的物理傷害。
A52: 銀色天堂鳥 | B52: 它銀色的花朵很容易被誤認為是珠寶。 | C52: 0-1 | D52: 你對電屬性和光屬性傷害具有抗性。
C53: 45691 | D53: 你和場景中你可見的盟友對電屬性和光屬性傷害具有抗性。
A54: 星辰牡丹 | B54: 它靜靜地凝視著星辰深處。 | C54: 1 | D54: 在你的回合結束時，你可以選擇一個你可見的敵人。如果你這樣做，該敵人陷入眩暈。
C55: 2 | D55: 在你的回合結束時，你可見的每個敵人陷入眩暈。
C56: 3 | D56: 在你的回合結束時，你對你可見的每個處於眩暈狀態的敵人造成等同於【15+你在植生術中SL】的光屬性傷害。
A57: 條紋蘭 | B57: 這種植物的每個部分都覆蓋著毒素。 | C57: 1 | D57: 在你的回合結束時，你可以選擇一個你可見的敵人。如果你這樣做，該敵人陷入虛弱狀態。
C58: 2 | D58: 在你的回合結束時，你可見的每個敵人陷入虛弱狀態。
C59: 3 | D59: 在你的回合結束時，你對你可見的每個處於虛弱狀態的敵人造成等同於【15+你在植生術中SL】的毒屬性傷害。
A60: 守衛肉垂 | B60: 一團堅韌的枝條，其荊棘散佈著劇毒。 | C60: 0-1 | D60: 你對物理傷害具有抗性。
C61: 2 | D61: 你對物理傷害具有抗性。此外，當生物用近戰攻擊命中你後，你對該生物造成等同於【5+你在植生術中SL】的物理傷害（在其攻擊結算後）。
C62: 3 | D62: 你對物理傷害具有抗性。此外，當一個生物用近戰攻擊命中你後，你對該生物造成等同於【5+你在植生術中SL】的物理傷害，然後對該生物造成等同於【5+你在植生術中SL】的毒屬性傷害（這兩次傷害結算均在該生物的攻擊結算後發生）。
A63: 憤怒康乃馨 | B63: 儘管它們美麗，其黃色的花朵卻散發出刺鼻的辛辣氣味。 | C63: 45661 | D63: 當這枚魔法種子離開你的花園時，選擇最多一個你可見的敵人。直到你的下個回合結束，當被選中的敵人執行攻擊或施放攻擊性咒語（⚡）時，他們必須將你作為該攻擊或法術的目標之一（如果可能）。在你的回合結束時，你可以移除這枚將魔法種子從你的花園中移除；如果你這樣做，削除所有生長命刻的刻度。

Sheet 祈喚者相關
A1: 現場可用的元素源泉
A2: 在每一個場景中，你周圍的環境都會提供給你兩種不同的元素源泉：GM會告訴你它們是什麼。記得描述元素源泉在場景中的表現；它們可能是某種自然特徵、物體，甚至是生物。
A3: 例如：在一場位於暴風雨中的蒸汽動力飛艇上的戰鬥中，風、電、火、冰中的任意2個元素源泉都可能存在。
A5: 進行元素祈喚
A6: 當你進行一次元素祈喚時，從下表中選擇一個你可以進行的選項(前提是當前場景中有對應的元素源泉)，然後，將其效果作用於一個你能看到的目標。
A7: 你在元素祈喚技能上的等級決定了你可以選擇哪些祈喚：【SL1】開啟「元素爆發」祈喚，【SL2】開啟「元素爆發」和「元素詛咒」祈喚，以及【SL3】開啟所有祈喚。
A8: 例如：如果當前場景中存在風之源泉和土之源泉，且你的元素祈喚技能等級為2，你就可以選擇使用「風元素爆發」、「風元素詛咒」、「土元素爆發」和「土元素詛咒」這4種元素祈喚。
A9: 如果一個元素祈喚能造成傷害或恢復HP或MP，當你達到20級或更高時傷害提高5點，當你達到40級或更高時傷害提高10點。
A10: 與之相似，如果一個元素祈喚能恢復HP或MP，當你達到20級或更高時回復量提高10點，當你達到40級或更高時回復量提高20點。
A12: 元素源泉 | B12: 元素祈喚 | C12: 效果
A13: 風之源泉 | B13: 風元素爆發 | C13: 目標受到20點風屬性傷害。
B14: 風元素詛咒 | C14: 直到你下回合開始前，目標受到任何傷害來源的電屬性和火屬性傷害時受到額外5點傷害。
B15: 微風 | C15: 目標恢復30點HP。
B16: 旋風 | C16: 目標受到10點風屬性傷害並被施加眩暈狀態效果。
A17: 土之源泉 | B17: 土元素爆發 | C17: 目標受到20點土屬性傷害。
B18: 土元素詛咒 | C18: 直到你下回合開始前，目標受到任何傷害來源的風屬性和冰屬性傷害時受到額外5點傷害。
B19: 生長 | C19: 目標恢復30點HP。
B20: 流沙 | C20: 目標受到10點土屬性傷害並被施加緩慢狀態效果。
A21: 火之源泉 | B21: 火元素爆發 | C21: 目標受到20點火屬性傷害。
B22: 火元素詛咒 | C22: 直到你下回合開始前，目標受到任何傷害來源的土屬性和冰屬性傷害時受到額外5點傷害。
B23: 爆裂 | C23: 目標受到10點火屬性傷害並被施加動搖狀態效果。
B24: 煙霧 | C24: 目標損失20點MP並被施加虛弱狀態效果。
A25: 電之源泉 | B25: 電元素爆發 | C25: 目標受到20點電屬性傷害。
B26: 電元素詛咒 | C26: 直到你下回合開始前，目標受到任何傷害來源的土屬性和火屬性傷害時受到額外5點傷害。
B27: 靜電 | C27: 目標受到10點電屬性傷害並被施加緩慢狀態效果。
B28: 雷鳴 | C28: 目標損失20點MP並被施加眩暈狀態效果。
A29: 冰之源泉 | B29: 冰元素爆發 | C29: 目標受到20點冰屬性傷害。
B30: 冰元素詛咒 | C30: 直到你下回合開始前，目標受到任何傷害來源的風屬性和電屬性傷害時受到額外5點傷害。
B31: 凍傷 | C31: 目標受到10點冰屬性傷害並被施加動搖狀態效果。
B32: 寒冷 | C32: 目標損失20點MP並被施加虛弱狀態效果。

Sheet 機師相關
A1: 機師的載具
A2: 機師的個人載具遵循一套特殊規則。
A3: 在衝突中搭乘個人載具需要執行「目標」動作。通常不需要進行檢定，但如果存在嚴重的危險或障礙，遊戲主持人可以引入一個「命刻」。
A4: 如果在衝突開始時個人載具是可以搭乘的，角色可以在「先攻檢定」之前立即搭乘它（核心規則書，第 59 頁）。
A5: 離開個人載具不需要消耗動作，但在衝突期間，只能在你的回合進行，且只能在沒有其他效果正在結算時進行。
A6: 根據其框架和模組，個人載具可以容納數量不定的人類體型生物，但只有其機師可以駕駛它。此外，其他乘客在執行「防禦」動作時不能掩護其他生物。
A7: 個人載具上可同時啟用的模組最大數量等於 3 + 機師在「個人載具」技能上的等級。
A8: 在衝突之外，機師可以自由重新分配其個人載具上啟用和停用的模組；這個最大限制的優先級始終高於任何其他效果（例如，當你透過「靈活配置」啟用模組時）。
A10: 個人載具由以下元素組成：
A11: 決定其整體外型的框架： 戰馬適用於騎乘動物、摩托車、小型星際戰機、滑板等；外骨骼適用於動力裝甲和機械義肢；機甲適用於從內部駕駛的大型戰鬥機器人。
A12: 每個機師在獲得該技能時必須為他們的個人載具選擇框架。這在遊戲期間內無法改變，因此請務必根據角色的風格和個性仔細選擇，並考慮他們在戰役中將扮演的角色。
A13: 例如，如果你的故事發生在賽博龐克大都會的貧民窟中，選擇一架戰鬥機就說不通（換成反重力摩托車如何？）。
... A60: 框架清單
A61: 框架名稱 | B61: 乘客上限 | C61: 距離 | D61: 裝備限制與特殊規則
A62: 外骨骼 | B62: 0 | C62: 無影響 | D62: 可裝備至多 2 個啟動狀態武裝模組、至多 1 個啟動狀態防具模組和任意數量的啟動狀態支援模組。 如果你在此載具上使用「壓縮技術」技能，它不需要消耗 IP。
A63: 機甲 | B63: 0 | C63: ×2 | D63: 可裝備至多 2 個啟動狀態武裝模組、至多 1 個啟動狀態防具模組和任意數量的啟動狀態支援模組。
A64: 戰馬 | B64: 至多 1 名 | C64: ×2 | D64: 可裝備至多 1 個啟動狀態武裝模組、至多 1 個啟動狀態防具模組和任意數量的啟動狀態支援模組。 如果你在此載具上使用「引擎之心」技能，它不需要消耗 MP。
A65: 「乘客」指的是除了機師以外可運送的人形生物；「距離」指的是一個旅行日中所行駛的距離。請記住，載具上的啟動狀態模組的最大數量取決於你的「個人載具」技能等級。
A67: 防具模組清單
A68: 模組名稱 | B68: 物防 (DEF) | C68: 魔防 (MDEF)
A69: 柔性鍍層模組 | B69: DEX size +2 | C69: INS size +1
A70: 重裝鍍層模組✦ | B70: 12 | C70: 8
A71: 符文鍍層模組✦ | B71: 10 | C71: 11
A72: 標準鍍層模組✦ | B72: 11 | C72: 10
A73: 這些增益僅適用於駕駛著載具的機師；你可以透過裝備「鍍層擴展模組」來將重裝鍍層、符文鍍層和標準鍍層的效果擴展給乘客。
A75: 武裝模組清單
A76: 模組名稱 | B76: 命中檢定 | C76: 傷害 | D76: 攻擊類型 | E76: 武器類別 | F76: 特殊規則與限制
A77: 奧術模組 | B77: 【DEX+WLP】 | C77: 【HR+8】物理 | D77: 近戰 | E77: 奧術 | F77: 無
A78: 斧模組 | B78: 【DEX+INS】 | C78: 【HR+12】物理 | D78: 近戰 | E78: 重型 | F78: 無
A79: 刀刃模組 | B79: 【DEX+INS】+1 | C79: 【HR+6】物理 | D79: 近戰 | E79: 匕首 | F79: 無
A80: 弓模組 | B80: 【DEX+INS】+1 | C80: 【HR+12】物理 | D80: 遠程 | E80: 弓 | F80: 啟動時載具上不能裝備其他啟動的武裝模組。
A81: 火砲模組 | B81: 【DEX+INS】 | C81: 【HR+14】物理 | D81: 遠程 | E81: 火器 | F81: 啟動時載具上不能裝備其他啟動的武裝模組。
A82: 爪模組 | B82: 【DEX+INS】 | C82: 【HR+8】物理 | D82: 近戰 | E82: 格鬥 | F82: 可以像空手一樣與場景互動。
A83: 大劍模組 | B83: 【DEX+INS】+1 | C83: 【HR+14】物理 | D83: 近戰 | E83: 劍 | F83: 啟動時載具上不能裝備其他啟動的武裝模組。
A84: 高能量奧術模組 | B84: 【DEX+WLP】 | C84: 【HR+12】物理 | D84: 近戰 | E84: 奧術 | F84: 啟動時載具上不能裝備其他啟動的武裝模組。
A85: 連枷模組 | B85: 【DEX+INS】 | C85: 【HR+10】物理 | D85: 近戰 | E85: 連枷 | F85: 無
A86: 火焰噴射模組 | B86: 【DEX+INS】 | C86: 【HR+8】火屬性 | D86: 遠程 | E86: 火器 | F86: 無
A87: 機關槍模組 | B87: 【DEX+INS】 | C87: 【HR+10】物理 | D87: 遠程 | E87: 火器 | F87: 啟動時載具上不能裝備其他啟動的武裝模組。 使用該武裝模組進行攻擊動作時，你可以執行兩次單獨的攻擊（針對同一個目標或不同目標）。 如果你這樣做了，兩次攻擊都遵循雙武器戰鬥的規則：每次攻擊都失去多重且無法獲得，並且在確定傷害時HR視為0。
... A93: 三叉戟模組 | B93: 【DEX+INS】+1 | C93: 【HR+14】物理 | D93: 近戰 | E93: 矛 | F93: 啟動時載具上不能裝備其他啟動的武裝模組。
A95: 支援模組清單
A96: 模組名稱 | B96: 框架限制 / 佔用空間 | D96: 效果說明
A97: 空戰模組 | B97: 算作 2 個啟動模組 | D97: 載具獲得飛行能力，「距離」變為×3。駕駛時近戰可瞄準飛行目標；且載具內的任何生物都無法被近戰攻擊瞄準，除非攻擊者正在飛行或以某種方式能夠觸及飛行目標 。 當載具非啟動/停飛、機師處於危機狀態，或機師執行防禦掩護盟友時失效。 此外，如果在衝突期間這台載具上的生物受到風、雷或冰屬性傷害，此模組的增益將失效，直到你的下一個回合開始 。
A98: 反元素模組 | B98: - | D98: 啟動時，選擇風、電、土、火或冰其中一種屬性。載具上所有生物視為擁有對應傷害類型的抗性。
A99: 高級瞄準模組 | B99: - | D99: 當駕駛這台載具時，你的命中檢定獲得 +2 加值，且你施展的攻擊性咒語的施法檢定也獲得 +2 加值 。
A100: 遠程反擊模組 | B100: - | D100: 在這台載具上的一名生物被遠程攻擊命中後，如果你正在駕駛這台載具，你可以消耗 1 點 IP。如果你這樣做，你會對攻擊者造成 10 點物理傷害（在他們的攻擊結算之後）。 如果你達到 20 級或以上，此數值增加 5 點傷害；如果你達到 40 級或以上，此數值增加 10 點傷害 。
A101: 挖掘模組 | B101: - | D101: 載具可以在對地面進行挖掘，並且配備有強力探照燈。
A102: 鍍層擴展模組 | B102: 僅限戰馬和機甲 | D102: 當裝備啟動中的重裝、符文或標準鍍層時，乘客也可將物防/魔防替換為該模組數值(若乘客自身數值較高，可保留自身數值)。
A103: 魔能發電模組 | B103: - | D103: 在你支付了阿爾卡納、咒語或音調的 MP 消耗後，如果你正在駕駛這台載具並且裝備著奧術武器，你恢復 5 點 MP； 如果消耗的 MP 等於或大於 30 點，則恢復 10 點 MP 。
A104: 高出力模組 | B104: 僅限機甲和外骨骼 | D104: 駕駛載具時，你所有關於依靠蠻力或物理抵抗的對抗檢定獲得+2加值。
A105: 快接模組 | B105: - | D105: 在衝突期間，當你在你的回合進入這台載具時，你可以執行一個額外的動作 。
A106: 航海模組 | B106: - | D106: 這台載具可以在水面上和水下行駛 。
A107: 座椅模組 | B107: 僅限戰馬和機甲 | D107: 這台載具可以額外運送一名人類體型的乘客 。
... A110: 渦輪增壓模組 | B110: - | D110: 駕駛載具時，你所有關於速度、快速機動的對抗檢定獲得+2加值。
A112: 範例個人載具
A113: 個人載具的規則提供了大量的選擇和選項，但也可能導致選擇困難。以下預先構建好的載具清單可以幫助引導你的選擇——你也可以根據自己的意願對它們進行客製化。
A114: 載具名稱 | B114: 框架 | C114: 個人載具 SL | D114: 啟動模組 | I114: 停用模組
A115: 懸浮滑板 | B115: 戰馬 | C115: SL 1 | D115: 空戰模組、大劍模組、快接模組 | I115: -
A116: 裝甲摩托車 | B116: 戰馬 | C116: SL 2 | D116: 鍍層擴展模組、重裝鍍層模組、機關槍模組、座椅模組、渦輪增壓模組 | I116: -
A117: 突擊外骨骼 | B117: 外骨骼 | C117: SL 3 | D117: 高級瞄準模組、遠程反擊模組、重裝鍍層模組、步槍模組、探測模組、盾牌模組 | I117: 空戰模組
A118: 雙足破壞者 | B118: 機甲 | C118: SL 2 | D118: 重斧模組、火焰噴射模組、次要攻擊模組（火炮）、標準鍍層模組 | I118: 火炮模組
A119: 滲透偵察機 | B119: 機甲 | C119: SL 2 | D119: 反元素模組、步槍模組、符文鍍層模組、探測模組、矛模組 | I119: -
A120: 機械螃蟹 | B120: 機甲 | C120: SL 2 | D120: 爪模組 ×2、重裝鍍層模組、高出力模組、航海模組 | I120: -
A121: 天蠍級裝甲服 | B121: 外骨骼 | C121: SL 2 | D121: 劍模組 ×2、柔性鍍層模組、次要攻擊模組（巨鐮） | I121: 巨鐮模組
A122: 星際戰機 | B122: 戰馬 | C122: SL 2 | D122: 高級瞄準模組、空戰模組、機關槍模組、標準鍍層模組 | I122: 火炮模組

Sheet 魔奏師相關
A1: 演唱樂句
A2: 當你演唱一首樂句時，你會結合你所學的音量、音調和曲風。這三個要素決定了該樂句的 MP 消耗、目標以及效果。
A3: - 音量決定了樂句的聲音強度以及你能影響到的生物。
A4: - 每一個曲風決定了樂句的整體效果。
A5: - 每一個音調都有其對應的傷害類型、狀態效果、屬性以及恢復類型。這些要素會修飾由樂句曲風所決定的效果。
A6: 範例：你可以將低音量、熾熱音調與縈繞曲風結合，花費 10 點 MP 對單一生物施加動搖狀態；或者你可以將中音量、鋼鐵音調與活力曲風結合，讓你的盟友在使用WLP屬性時，能在命刻上獲得額外的進度。
A8: 音量 VOLUME | G8: 歌單！ | I8: 下滑複製此欄為樂句效果！
A9: 音量 | B9: MP | C9: 目標 | G9: 音量 | H9: 高 | I9: ="【目標】" & N10 -> 【目標】所有能聽到你的敵人 | M9: MP消耗 | N9: =IFERROR(VLOOKUP(H9,A10:C12,2,FALSE), "") -> 30
A10: 低 | B10: 10 | C10: 自己或一個能聽到你的生物 | G10: 音調 | H10: 鋼鐵 | I10: ="【花費】" & N9 & " MP" -> 【花費】30 MP | M10: 目標 | N10: =IFERROR(VLOOKUP(H9,A10:C12,3,FALSE), "") -> 所有能聽到你的敵人
A11: 中 | B11: 20 | C11: 所有能聽到你的盟友 | G11: 曲風 | H11: 縈繞 | I11: ="【效果】" & SUBSTITUTE(SUBSTITUTE(SUBSTITUTE(SUBSTITUTE(N15, "【音調恢復】", "【"&N14&"】"), "【音調屬性】", "【"&N13&"】"), "【音調類型】", "【"&N11&"】"), "【音調狀態】", "【"&N12&"】") -> 【效果】每個目標獲得【緩慢】。此外，每個目標失去對【物理】的抗性，直到你的下個回合開始。 | M11: 類型 | N11: =IFERROR(VLOOKUP(H10,A16:E23,2,FALSE), "") -> 物理
A12: 高 | B12: 30 | C12: 所有能聽到你的敵人 | M12: 狀態 | N12: =IFERROR(VLOOKUP(H10,A16:E23,3,FALSE), "") -> 緩慢
M13: 屬性 | N13: =IFERROR(VLOOKUP(H10,A16:E23,4,FALSE), "") -> WLP
A14: 音調 KEY | M14: 恢復 | N14: =IFERROR(VLOOKUP(H10,A16:E23,5,FALSE), "") -> MP
A15: 音調 | B15: 類型 | C15: 狀態 | D15: 屬性 | E15: 恢復 | M15: 原始效果 | N15: =IFERROR(VLOOKUP(H11,A27:F33,2,FALSE), "") -> 每個目標獲得【音調狀態】。此外，每個目標失去對【音調類型】的抗性，直到你的下個回合開始。
A16: 熾熱 | B16: 火 | C16: 動搖 | D16: MIG | E16: HP
A17: 霜凍 | B17: 冰 | C17: 虛弱 | D17: WLP | E17: MP
A18: 鋼鐵 | B18: 物理 | C18: 緩慢 | D18: WLP | E18: MP
A19: 輝光 | B19: 光 | C19: 眩暈 | D19: INS | E19: HP
A20: 暗影 | B20: 暗 | C20: 虛弱 | D20: DEX | E20: MP
A21: 堅石 | B21: 土 | C21: 眩暈 | D21: MIG | E21: HP
A22: 閃雷 | B22: 電 | C22: 動搖 | D22: DEX | E22: HP
A23: 疾風 | B23: 風 | C23: 緩慢 | D23: INS | E23: MP
A25: 曲風 TONE
A26: 曲風 | B26: 效果
A27: 冷靜 | B27: 所有目標恢復【10+2*你當前WLP骰尺寸】點的【音調恢復】。當你的角色等級達到20級時，這個數值提升10點；達到40級時提升20點。如果用來恢復MP，則對演奏者自身無效。
A28: 激情 | B28: 直到你的下個回合開始，當一個目標成功通過某個使用了【音調屬性】的檢定，並且這個檢定能讓他推進或迴轉命刻時，他能選擇推進或迴轉1個額外部分。
A29: 瘋狂 | B29: 每個目標受到【2*你當前WLP骰尺寸】點【音調類型】的傷害。當你的角色等級達到20級時，這個數值提升5點；達到40級時提升10點。
A30: 縈繞 | B30: 每個目標獲得【音調狀態】。此外，每個目標失去對【音調類型】的抗性，直到你的下個回合開始。
A31: 生動 | B31: 每個目標的【音調屬性】骰尺寸增加一級（最高為d12），直到你的下個回合開始。
A32: 洶湧 | B32: 直到你的下個回合開始，每個目標在首次受到傷害時，那個傷害被轉換為【音調類型】每個目標只會觸發一次此效果，且只影響其自身。
A33: 莊嚴 | B33: 每個目標從【音調狀態】中恢復。此外，每個目標獲得對【音調類型】的抗性，直到你的下個回合開始。

Sheet 阿爾克納
A1: 名字 | B1: 領域 | C1: 連接 | D1: 解除
A2: 鍛造之阿爾卡納 | B2: 火、熱、金屬。 | C2: 你對火屬性傷害有抗性。 你造成的任何火屬性傷害都會忽略抗性。 | D2: 當你解除此阿爾卡納時，選擇觸發鍛造或煉獄： 鍛造。你創造了一件你選擇的基本防具、盾牌或武器（見130~133頁）如果你多次鍛造，只有最新一次創造的裝備會留下。如果你以這種方式創造武器，它將造成火屬性傷害而不是物理傷害。 煉獄。選擇你能看到的任意數量的生物：它們中的每一個都會受到30點的火屬性傷害。這個傷害無視抗性。
A3: 霜之阿爾卡納 | B3: 寒冷，冰，沉默 | C3: 你對冰屬性傷害有抗性，對憤怒免疫。你 造成的任何冰屬性傷害都無視抗性 | D3: 冰雪時代。選擇你能看到的任意數量的生物：它們中的每一個都會受到30點的冰屬性傷害。這個傷害無視抗性。
A4: 門之阿爾卡納 | B4: 空間，旅行，虛空 | C4: 你對暗屬性傷害有抗性 你的魔防獲得+1加值 | D4: 當你解除這個阿爾卡納時，請選擇湮滅或折躍。 湮滅：選擇你能看到的任何數量的生物：他們每個人都會受到30點的暗屬性傷害。這個傷害無視抗性。 折躍：你將自己和附近最多五個願意的生物傳送到你之前去過的地方，但是與那個地方的路程需要在1個旅行日之內。
A5: 魔典之阿爾卡納 | B5: 知識、啟示、理解。 | C5: 你能夠讀、寫、說、理解所有語言 你的INS骰尺寸提升一階(最高為d12) | D5: 神諭：你向GM提出一個問題。 GM必須如實回答，描述魔法書向你展示的願景。 使用後這個解除效果直到下個黎明才能再次使用。此外，同一個問題不可以被多次問到，GM有對哪些問題太過相似而不能再問的決定權。
A6: 橡樹之阿爾卡納 | B6: 大地、植物、毒藥 | C6: 你對地屬性和毒屬性傷害有抗性，對中毒免疫。 每當你恢復HP時，你會額外恢復5點HP。 | D6: 開花：選擇你能看到的任何數量的生物(你也可以選擇你自己)：它們中的每一個都能從中毒狀態中恢復，並恢復40點HP。如果你的角色等級大於等於20級，這個數量會增加到50點HP，如果你的角色等級大於等於40級，會增加到60點HP。
A7: 天空之阿爾卡納 | B7: 霧、雨、風暴。 | C7: 你對風屬性和電屬性傷害有抗性。 你可以使用一個動作來準確預測第二天在兩個旅行日的行程範圍內的天氣狀況——GM會告訴你天氣狀況如 | D7: 雷暴：選擇你能看到的任何數量的生物：它們中的每一個都會受到30點電屬性傷害。此傷害無視抗性。
A8: 劍之阿爾卡納 | B8: 征服、英雄主義、領導力。 | C8: 你的攻擊會造成5點額外傷害，並且你的攻擊所造成的所有傷害都被視為無屬性(因此不受傷害親和度的影響)。只要你與這個阿爾卡納連結，你的攻擊所造成的傷害就不能獲得任何傷害類型。當你進行攻擊時，你可以讓該攻擊獲得多重(任意數量的目標)屬性。如果你這樣做了，在攻擊結算後，這個阿爾卡納將被自動解除(這不被視為自願解除)。
A9: 塔之阿爾卡納 | B9: 審判、保護、獻祭 | C9: 當你召喚這個阿爾卡納時，選擇一種傷害類型：風、電、暗、土、火或冰。在這個阿爾卡納被解除之前，你在場景內的每個盟友都對所選的傷害類型有抗性(你不會獲得抗性)。 | D9: 審判：選擇你能看到的任何數量的生物：它們中的每一個都會受到30點光屬性傷害。
A10: 輪之阿爾卡納 | B10: 命運，速度，時間 | C10: 你對緩慢狀態免疫。 你的物防獲得+1加值 | D10: 時間凍結：選擇任意數量的你能看到的生物：它們中的每一個都會獲得緩慢狀態。如果這樣選擇的生物已經在緩慢狀態中了，那麼該生物在他的下一回合中會減少一個動作(最少為0動作)。

Sheet 更新日誌
A1: 時間 | B1: 版本 | C1: 概要
A2: 2025.6.21 | B2: V2.4 | C2: 把目前的簡中全數轉成繁中，同時簡單的修改幾個英文 By有強迫症的人
A3: 2025.9.18 | B3: V2.5 | C3: 修正了部分DLC技能——徽記技能的描述，使其符合原版翻譯 By上班偷懶的人
A4: 2025.10.14 | B4: V2.6 | C4: 修正了部分DLC技能——混合形態的描述，使其符合原版翻譯 By上班偷懶的人
C5: 修正了部分DLC職業——祈喚者的描述，使其符合原版翻譯 By上班偷懶的人
C6: 修正了部分英雄技能——徽記師相關，使其符合原版翻譯 By上班偷懶的人
C7: 修正了部分英雄技能——魔奏者相關，使其符合原版翻譯 By上班偷懶的人
A8: 2025.10.15 | B8: V2.7 | C8: 增添了心靈天賦的列表 By上班偷懶的人
A9: 2025.12.27 | B9: V2.8 | C9: 修正了部分DLC職業——植物學家的描述，使其符合原版翻譯 By上班偷懶的人
C10: 增添了【植物學家相關】頁面 By上班偷懶的人
A11: 2026.01.05 | B11: V2.9 | C11: 增添了【祈喚者相關】頁面 By上班偷懶的人
A12: 2026.01.06 | B12: V2.10 | C12: 修正機師額外表的激活模塊公式
A13: 2026.01.08 | B13: V2.11 | C13: 修正了部分DLC職業——舞者的描述，使其符合原版翻譯 By上班偷懶的人
C14: 修正了部分DLC技能——舞步的描述，使其符合原版翻譯 By上班偷懶的人
A15: 2026.01.09 | B15: V2.12 | C15: 將附加表全都翻譯為繁中(除了沒人愛的王牌) By有強迫症的人
A16: 2026.02.03 | B16: V2.13 | C16: 修正了所有英雄技能的描述，使其符合原版翻譯與最新補丁By上班偷懶的人
A17: 2026.03.10 | B17: V2.14 | C17: 修改了Playtest版突變者混合變形相關技能相關的補丁By上班偷懶的人
A18: 2026.03.17 | B18: V2.15 | C18: 修改了Playtest版秘儀師技能相關的補丁By上班偷懶的人
A19: 2026.04.02 | B19: V2.16 | C19: 增添了【機師相關】頁面 By上班偷懶的人
A20: 2026.08.30 | B20: V2.17 | C20: 增添了【魔奏師相關】頁面，附上【歌單！】內容
